Income,Kidhome,Teenhome,Recency,MntWines,MntFruits,MntMeatProducts,MntFishProducts,MntSweetProducts,MntGoldProds,NumDealsPurchases,NumWebPurchases,NumCatalogPurchases,NumStorePurchases,NumWebVisitsMonth,AcceptedCmp3,AcceptedCmp4,AcceptedCmp5,AcceptedCmp1,AcceptedCmp2,Complain,Age,Seniority_Days,TotalSpend,TotalChildren,Is_Couple,CmpAccepted_Total,WebRatio,AvgSpendPerPurchase,Education_Enc,y_true,y_proba,y_pred,Cluster,Segment
65104.0,0,1,4,738,0,232,13,20,50,2,3,5,7,7,0,0,0,0,0,0,48,227,1053,1,1,0,0.1875,65.8125,3,1,0.0358705533199471,0,0,Actifs Moyens
94472.0,0,1,75,1017,33,417,108,100,16,1,5,5,5,5,0,1,1,0,0,0,66,87,1691,1,0,2,0.3125,105.6875,2,0,0.29636548378295835,0,3,Premium Engages
75012.0,0,0,41,294,142,218,164,58,151,1,3,8,11,1,0,0,0,0,0,0,48,155,1027,0,0,0,0.1304347826086956,44.65217391304348,3,0,0.017462398872419866,0,2,Aises Passifs
36778.0,1,1,63,29,4,34,2,4,4,3,3,0,3,9,0,0,0,0,0,0,56,693,77,2,1,0,0.4285714285714285,11.0,4,0,0.18013016319470324,0,1,Petits Budgets
70038.0,0,0,54,587,54,348,71,54,130,1,4,4,8,2,0,0,0,0,0,0,42,247,1244,0,1,0,0.2352941176470588,73.17647058823529,4,0,0.012573548942856264,0,2,Aises Passifs
62535.0,0,1,13,163,48,90,0,45,52,1,3,2,8,3,0,0,0,0,0,0,69,269,398,1,0,0,0.2142857142857142,28.428571428571427,2,0,0.028385167526869974,0,0,Actifs Moyens
31928.0,1,0,5,33,4,24,4,2,5,2,3,0,4,7,0,0,0,0,0,0,35,93,72,1,1,0,0.375,9.0,2,0,0.026343085670373675,0,1,Petits Budgets
67419.0,0,1,29,846,84,352,91,56,42,4,9,4,8,5,0,0,0,0,0,0,54,529,1471,1,1,0,0.4090909090909091,66.86363636363636,2,0,0.024920698025151372,0,2,Aises Passifs
60474.0,0,1,25,265,199,303,234,9,170,7,10,2,12,7,0,0,0,0,0,0,45,454,1180,1,0,0,0.4,47.2,2,0,0.0186738491538829,0,2,Aises Passifs
33039.0,1,0,4,30,8,12,8,8,12,1,2,0,4,5,0,0,0,0,0,0,46,293,78,1,1,0,0.2857142857142857,11.142857142857142,2,0,0.04246642723908152,0,1,Petits Budgets
65073.0,0,0,65,629,17,177,69,0,8,1,5,3,5,2,0,0,0,0,0,1,81,313,900,0,1,0,0.3571428571428571,64.28571428571429,3,0,0.007468594640454744,0,0,Actifs Moyens
29478.0,1,0,59,8,0,7,3,1,1,1,1,0,3,6,0,0,0,0,0,0,48,163,20,1,1,0,0.2,4.0,2,0,0.005331372776282865,0,1,Petits Budgets
68274.0,1,1,83,135,25,51,23,25,46,2,4,2,5,3,0,0,0,0,0,0,45,272,305,2,0,0,0.3333333333333333,25.416666666666668,2,0,0.00821063986841694,0,1,Petits Budgets
86610.0,0,0,66,446,107,768,33,196,53,1,5,6,6,2,0,0,0,0,0,0,73,297,1603,0,1,0,0.2777777777777778,89.05555555555556,2,0,0.1447818073203245,0,2,Aises Passifs
33471.0,1,0,47,43,2,27,0,9,12,3,3,0,4,7,0,0,0,0,0,0,51,625,93,1,1,0,0.375,11.625,2,0,0.08478602999076831,0,1,Petits Budgets
64474.0,0,1,59,381,35,172,56,86,93,2,8,2,10,5,0,0,0,0,0,0,52,250,823,1,1,0,0.3809523809523809,39.19047619047619,2,0,0.004634469453183972,0,0,Actifs Moyens
33249.0,1,0,11,6,10,21,19,14,42,2,2,1,3,6,0,0,0,0,0,0,49,494,112,1,0,0,0.2857142857142857,16.0,2,0,0.32100888053700294,0,1,Petits Budgets
62772.0,0,1,74,581,49,157,43,8,108,1,5,6,11,2,0,1,0,0,0,0,55,406,946,1,0,1,0.217391304347826,41.130434782608695,3,0,0.015596248321644081,0,0,Actifs Moyens
26490.0,0,0,92,45,47,52,21,20,25,2,3,1,5,6,0,0,0,0,0,0,66,645,210,0,1,0,0.3,21.0,1,0,0.04670783064817188,0,1,Petits Budgets
78331.0,0,1,97,756,138,354,160,169,61,2,10,6,7,4,0,0,0,0,0,0,66,157,1638,1,0,0,0.4166666666666667,68.25,2,0,0.015356744809804928,0,2,Aises Passifs
36634.0,0,1,0,213,9,76,4,3,30,3,5,2,5,7,0,0,0,0,0,0,70,397,335,1,1,0,0.3846153846153846,25.76923076923077,3,0,0.10473176983461452,0,0,Actifs Moyens
49980.0,0,1,79,104,1,54,13,9,14,2,3,1,5,5,0,0,0,0,0,0,61,249,195,1,0,0,0.3,19.5,2,0,0.0059003025504487,0,1,Petits Budgets
63841.0,0,1,64,635,15,100,20,7,131,1,9,3,9,6,0,0,0,0,0,0,56,434,908,1,0,0,0.4090909090909091,41.27272727272727,3,0,0.010405101225022922,0,0,Actifs Moyens
71613.0,0,0,26,426,49,127,111,21,42,1,8,2,10,4,0,0,0,0,0,0,59,312,776,0,1,0,0.3809523809523809,36.95238095238095,2,0,0.011249844580120655,0,0,Actifs Moyens
28359.0,1,0,35,6,0,5,2,1,2,1,1,0,2,7,0,0,0,0,0,0,41,245,16,1,1,0,0.25,4.0,2,0,0.00940386766073144,0,1,Petits Budgets
73454.0,0,0,95,982,73,351,56,14,175,1,2,4,6,5,1,0,0,0,0,0,37,120,1651,0,0,1,0.1538461538461538,127.0,3,0,0.04708239172003771,0,3,Premium Engages
53233.0,0,1,18,28,0,9,3,0,0,1,1,0,3,4,0,0,0,0,0,0,67,103,40,1,1,0,0.2,8.0,1,0,0.007119916415399348,0,1,Petits Budgets
69283.0,0,1,41,674,62,134,0,26,8,4,7,3,13,5,0,0,0,0,0,0,49,15,904,1,1,0,0.2916666666666667,37.66666666666666,4,0,0.005190321645781749,0,0,Actifs Moyens
15033.0,0,0,37,0,4,5,6,0,4,1,1,0,3,3,0,0,0,0,0,0,73,74,19,0,0,0,0.2,3.8,2,0,0.010931521694945151,0,1,Petits Budgets
77027.0,0,1,23,820,57,242,45,0,11,2,8,3,6,4,0,0,0,0,0,0,72,144,1175,1,1,0,0.4444444444444444,65.27777777777777,3,0,0.015850152074748932,0,0,Actifs Moyens
26150.0,2,1,61,5,1,13,3,5,1,1,1,0,3,7,0,0,0,0,0,0,68,475,28,3,0,0,0.2,5.6,2,0,0.020184696391240584,0,1,Petits Budgets
33438.0,1,1,81,62,1,16,3,2,6,4,2,1,4,5,0,0,0,0,0,0,66,280,90,2,0,0,0.25,11.25,4,0,0.008745189494370231,0,1,Petits Budgets
50200.0,1,1,70,266,6,51,8,6,64,6,7,1,5,8,0,0,0,0,0,0,48,452,401,2,1,0,0.5,28.642857142857142,2,0,0.016455559681872983,0,0,Actifs Moyens
70038.0,0,0,54,587,54,348,71,54,130,1,4,4,8,2,0,0,0,0,0,0,42,247,1244,0,1,0,0.2352941176470588,73.17647058823529,4,0,0.012573548942856264,0,2,Aises Passifs
34600.0,1,1,8,199,33,60,8,3,15,5,5,2,5,8,0,0,0,0,0,0,53,544,318,2,1,0,0.3846153846153846,24.46153846153846,2,1,0.5288314685059047,1,1,Petits Budgets
79734.0,0,0,72,572,8,232,23,62,17,1,4,3,6,1,0,0,0,1,0,0,55,1,914,0,1,1,0.2857142857142857,65.28571428571429,3,0,0.01679469461612869,0,0,Actifs Moyens
21994.0,0,1,4,9,0,6,3,1,3,1,0,0,3,5,0,0,0,0,0,0,67,552,22,1,1,0,0.0,5.5,2,0,0.014912323802775435,0,1,Petits Budgets
37716.0,0,1,4,97,1,41,6,2,41,2,4,1,3,7,0,0,0,0,0,0,71,69,188,1,1,0,0.4444444444444444,20.88888888888889,2,0,0.07414827672870455,0,1,Petits Budgets
59594.0,0,1,74,457,4,29,0,0,9,1,8,1,7,7,0,1,0,0,0,0,59,617,499,1,1,1,0.4705882352941176,29.352941176470587,2,0,0.10870204341424966,0,0,Actifs Moyens
55267.0,0,1,28,161,28,136,32,3,45,4,3,4,6,3,0,0,0,0,0,0,67,251,405,1,1,0,0.2142857142857142,28.928571428571427,2,0,0.008331763798457622,0,0,Actifs Moyens
24711.0,0,0,86,10,7,25,6,3,7,1,3,0,3,7,0,0,0,0,0,0,42,72,58,0,1,0,0.4285714285714285,8.285714285714286,2,0,0.0053088376943625235,0,1,Petits Budgets
54998.0,0,1,3,154,22,202,39,30,8,5,4,2,9,4,0,0,0,0,0,0,68,476,455,1,0,0,0.25,28.4375,4,1,0.08833267569856389,0,0,Actifs Moyens
67381.0,0,1,67,815,8,53,11,0,70,4,2,2,9,7,0,1,0,0,0,0,73,530,957,1,1,1,0.1428571428571428,68.35714285714286,3,0,0.03392116097040764,0,0,Actifs Moyens
17649.0,1,0,70,15,1,23,0,5,1,3,3,0,3,8,0,0,0,0,0,0,48,229,45,1,1,0,0.4285714285714285,6.428571428571429,2,0,0.009993782731131414,0,1,Petits Budgets
65685.0,0,1,54,642,14,49,0,7,57,1,9,2,9,5,0,0,0,0,0,0,52,92,769,1,1,0,0.4285714285714285,36.61904761904762,2,0,0.005509119910092198,0,0,Actifs Moyens
90247.0,0,0,27,1184,32,352,21,16,16,1,3,4,7,1,0,1,1,1,0,0,36,61,1621,0,0,3,0.2,108.06666666666666,3,1,0.7194208270204997,1,3,Premium Engages
26850.0,1,1,10,31,1,13,7,2,9,4,2,1,4,4,0,0,0,0,0,0,53,72,63,2,1,0,0.25,7.875,1,0,0.04586238601364178,0,1,Petits Budgets
63998.0,0,0,42,176,29,818,0,33,112,1,7,6,11,4,0,0,0,0,0,0,72,191,1168,0,0,0,0.28,46.72,1,1,0.13968593403564758,0,2,Aises Passifs
44689.0,1,1,82,18,0,5,0,0,11,2,1,1,2,7,1,0,0,0,0,0,73,170,34,2,1,1,0.2,6.8,2,0,0.03360876743708676,0,1,Petits Budgets
75702.0,0,1,87,1073,0,629,145,37,37,1,10,5,13,6,0,0,1,0,0,0,50,623,1921,1,1,1,0.3448275862068966,66.24137931034483,2,0,0.1453840106594476,0,3,Premium Engages
50002.0,0,1,21,443,5,71,21,16,82,2,8,2,7,7,0,0,0,0,0,0,70,377,638,1,0,0,0.4444444444444444,35.44444444444444,2,0,0.02684832310248014,0,0,Actifs Moyens
38702.0,1,0,71,13,11,24,13,8,40,2,3,0,4,6,0,0,0,0,0,0,46,332,109,1,1,0,0.375,13.625,1,0,0.015231448313985143,0,1,Petits Budgets
79865.0,0,1,12,71,99,278,185,121,38,1,5,10,5,1,0,0,0,0,0,0,70,11,792,1,0,0,0.238095238095238,37.71428571428572,2,0,0.08510068864021281,0,2,Aises Passifs
46891.0,0,1,91,43,12,23,29,15,61,1,2,1,4,4,0,0,0,0,0,0,59,301,183,1,1,0,0.25,22.875,1,0,0.005807673374915053,0,1,Petits Budgets
60093.0,0,1,92,502,12,109,16,6,90,2,7,2,10,6,0,0,0,0,0,0,50,368,735,1,1,0,0.35,36.75,2,0,0.004405564525294205,0,0,Actifs Moyens
93790.0,0,0,16,1302,68,731,89,114,45,0,6,7,12,2,0,1,1,1,0,0,54,137,2349,0,0,3,0.2307692307692307,90.34615384615384,2,1,0.8701355542078149,1,3,Premium Engages
48794.0,1,1,97,25,0,11,3,0,15,1,1,0,3,4,0,0,0,0,0,0,71,3,54,2,1,0,0.2,10.8,2,0,0.004566026042760833,0,1,Petits Budgets
65814.0,0,1,90,561,14,113,10,14,35,3,8,2,10,5,0,0,0,0,0,0,58,119,747,1,1,0,0.3809523809523809,35.57142857142857,4,0,0.004917043776612097,0,0,Actifs Moyens
65104.0,0,1,4,738,0,232,13,20,50,2,3,5,7,7,0,0,0,0,0,0,48,227,1053,1,1,0,0.1875,65.8125,3,0,0.0358705533199471,0,0,Actifs Moyens
61223.0,0,1,46,709,43,182,42,118,247,2,9,3,4,5,0,0,0,0,0,0,57,381,1341,1,1,0,0.5294117647058824,78.88235294117646,2,0,0.05399156335768537,0,2,Aises Passifs
56939.0,0,1,19,256,34,103,90,29,49,2,3,3,10,3,0,0,0,0,0,0,48,284,561,1,1,0,0.1764705882352941,33.0,2,0,0.010064856848378302,0,0,Actifs Moyens
23091.0,1,1,98,35,0,11,0,0,2,4,2,1,3,7,0,0,0,0,0,0,61,32,48,2,0,0,0.2857142857142857,6.857142857142857,4,0,0.009168179785144047,0,1,Petits Budgets
61014.0,0,1,17,269,129,495,182,43,29,4,9,3,4,7,0,0,0,0,0,0,44,687,1147,1,1,0,0.5294117647058824,67.47058823529412,2,0,0.4023726536152242,0,2,Aises Passifs
22804.0,1,0,75,14,1,7,2,1,1,1,2,0,2,9,0,0,0,0,0,0,53,333,26,1,0,0,0.4,5.2,2,0,0.013734196899645916,0,1,Petits Budgets
36947.0,1,1,49,88,3,21,4,1,29,4,3,0,4,9,0,0,0,0,0,0,57,691,146,2,1,0,0.375,18.25,4,0,0.3876378847206003,0,1,Petits Budgets
30298.0,0,0,48,6,3,12,6,1,0,1,1,1,3,3,0,0,0,0,0,0,39,41,28,0,0,0,0.1666666666666666,4.666666666666667,4,0,0.013778952998544345,0,1,Petits Budgets
38988.0,1,2,90,164,24,103,12,3,42,7,5,1,6,8,0,0,0,0,0,0,52,678,348,3,1,0,0.3846153846153846,26.76923076923077,2,0,0.1014319769122179,0,1,Petits Budgets
54237.0,0,1,48,267,3,30,4,0,57,4,5,2,5,6,0,0,0,0,0,0,67,428,361,1,0,0,0.3846153846153846,27.76923076923077,4,0,0.019596200167338863,0,0,Actifs Moyens
67225.0,0,1,4,315,35,322,46,7,143,3,7,2,11,5,0,0,0,0,0,0,69,215,868,1,1,0,0.3333333333333333,41.333333333333336,2,0,0.01665037762744454,0,0,Actifs Moyens
24367.0,1,0,58,2,4,2,0,11,5,1,1,0,2,9,0,0,0,0,0,0,42,466,24,1,0,0,0.25,6.0,0,0,0.01890197621229537,0,1,Petits Budgets
40689.0,0,1,69,270,3,27,39,6,99,7,7,1,5,8,0,0,0,0,0,0,73,468,444,1,1,0,0.5,31.714285714285715,2,0,0.021357497548534516,0,0,Actifs Moyens
15862.0,1,0,26,1,1,4,11,9,10,1,1,0,3,8,0,0,0,0,0,0,45,367,36,1,0,0,0.2,7.2,0,0,0.016990736493667204,0,1,Petits Budgets
30560.0,1,0,6,9,1,5,4,5,7,1,1,0,3,7,0,0,0,0,0,0,48,367,31,1,1,0,0.2,6.2,3,0,0.02686813039511889,0,1,Petits Budgets
38196.0,1,1,20,30,0,11,0,0,3,3,2,0,4,5,0,0,0,0,0,0,53,72,44,2,1,0,0.2857142857142857,6.285714285714286,3,0,0.010061839134903413,0,1,Petits Budgets
51717.0,0,1,55,98,1,17,0,1,5,1,3,0,4,7,0,1,0,0,0,0,59,313,122,1,1,1,0.375,15.25,4,0,0.014709530649426022,0,1,Petits Budgets
73807.0,0,1,88,366,124,156,71,78,54,2,5,5,11,2,0,0,0,0,0,0,46,543,849,1,1,0,0.2272727272727272,38.59090909090909,2,0,0.006114365955000403,0,2,Aises Passifs
46610.0,0,2,8,96,12,96,33,22,43,6,4,1,6,6,0,0,0,0,0,0,72,608,302,2,0,0,0.3333333333333333,25.166666666666668,4,1,0.34915646124438826,0,0,Actifs Moyens
35196.0,1,0,68,75,12,141,43,39,187,6,6,1,5,8,0,0,0,0,0,0,40,593,497,1,1,0,0.4615384615384615,38.23076923076923,2,1,0.080207206006042,0,0,Actifs Moyens
63120.0,0,1,53,965,69,279,54,41,69,5,8,4,9,7,0,0,0,0,0,0,74,639,1477,1,0,0,0.3636363636363636,67.13636363636364,3,1,0.09873146997220648,0,2,Aises Passifs
33235.0,1,0,71,45,0,16,2,1,6,1,3,0,3,7,0,0,0,0,0,0,38,144,70,1,1,0,0.4285714285714285,10.0,2,0,0.008133284521575166,0,1,Petits Budgets
90638.0,0,0,29,1156,120,915,94,144,96,1,3,4,10,1,0,0,1,0,0,0,33,136,2525,0,0,1,0.1666666666666666,140.27777777777777,3,1,0.07644318199432042,0,3,Premium Engages
92163.0,0,0,25,817,183,797,106,163,20,0,5,11,5,2,0,0,1,1,0,0,49,564,2086,0,1,2,0.2272727272727272,94.8181818181818,3,1,0.7983903339994528,1,3,Premium Engages
56320.0,0,1,11,201,53,172,116,77,83,3,5,4,9,4,0,0,0,0,0,0,57,447,702,1,1,0,0.2631578947368421,36.94736842105263,4,0,0.03372666062027076,0,2,Aises Passifs
62998.0,0,1,10,120,58,73,65,89,58,5,5,4,5,5,0,0,0,0,0,0,72,272,463,1,1,0,0.3333333333333333,30.866666666666667,2,0,0.0730486322034521,0,0,Actifs Moyens
27590.0,1,0,38,6,0,5,0,0,1,1,1,0,2,7,0,0,0,0,0,0,42,432,12,1,1,0,0.25,3.0,3,0,0.010612214581188202,0,1,Petits Budgets
30522.0,0,1,6,179,8,83,19,11,26,5,1,2,9,2,0,0,0,0,0,0,64,681,326,1,1,0,0.0769230769230769,25.07692307692308,3,0,0.27282817386023317,0,1,Petits Budgets
26576.0,1,0,40,10,0,8,0,0,9,1,1,0,2,9,1,0,0,0,0,0,38,624,27,1,0,1,0.25,6.75,2,1,0.7012459949906976,1,1,Petits Budgets
77298.0,0,1,46,425,115,292,23,35,79,1,6,6,11,3,0,0,0,0,0,0,45,239,969,1,1,0,0.25,40.375,2,0,0.004953103868127552,0,2,Aises Passifs
42081.0,1,0,86,175,10,110,54,6,27,2,6,3,4,6,1,0,0,0,0,0,42,488,382,1,1,1,0.4285714285714285,27.285714285714285,2,0,0.0476626179560992,0,0,Actifs Moyens
44319.0,1,1,18,26,0,8,0,0,3,2,2,0,3,5,0,0,0,0,0,0,49,73,37,2,1,0,0.3333333333333333,6.166666666666667,3,0,0.011638220596199504,0,1,Petits Budgets
43638.0,0,1,37,63,10,83,7,19,19,2,4,1,4,7,0,0,0,0,0,0,55,692,201,1,0,0,0.4,20.1,2,0,0.5279358823620701,1,1,Petits Budgets
64191.0,0,1,30,420,15,186,151,38,15,3,5,3,13,3,0,0,0,0,0,0,61,523,825,1,0,0,0.2272727272727272,37.5,3,0,0.019582243824751728,0,0,Actifs Moyens
59304.0,0,1,81,418,61,428,80,51,10,3,7,8,10,5,0,0,0,0,0,0,60,335,1048,1,1,0,0.2692307692307692,40.30769230769231,4,0,0.00964133529964705,0,2,Aises Passifs
75825.0,0,0,40,1032,105,779,137,105,51,0,5,8,9,4,1,0,0,0,0,0,48,625,2209,0,0,1,0.217391304347826,96.04347826086956,2,1,0.8452394210609536,1,3,Premium Engages
66000.0,0,0,36,244,51,270,101,0,45,1,1,3,5,1,0,0,0,0,0,0,77,70,711,0,1,0,0.1,71.1,3,0,0.012318492689810782,0,0,Actifs Moyens
65370.0,0,0,1,71,22,112,138,89,29,1,2,3,13,1,0,0,0,0,0,0,40,332,461,0,1,0,0.1052631578947368,24.26315789473684,1,0,0.08708607472233722,0,2,Aises Passifs
36790.0,0,0,14,3,3,14,15,21,10,1,2,1,2,9,0,0,0,0,0,0,41,485,66,0,1,0,0.3333333333333333,11.0,2,1,0.38063388921094143,0,1,Petits Budgets
72635.0,0,0,54,390,22,323,104,35,107,1,6,8,6,3,0,0,0,1,0,0,69,391,981,0,1,1,0.2857142857142857,46.71428571428572,1,0,0.031377567153669315,0,2,Aises Passifs
64100.0,0,1,93,509,0,27,0,0,10,1,8,3,6,7,0,1,0,0,0,0,60,292,546,1,1,1,0.4444444444444444,30.33333333333333,3,0,0.010457950494718756,0,0,Actifs Moyens
47025.0,0,1,52,254,7,108,20,0,26,3,6,3,5,6,0,0,0,0,0,0,48,234,415,1,0,0,0.4,27.666666666666668,2,0,0.009882992649896083,0,0,Actifs Moyens
42014.0,1,0,56,244,15,108,4,15,50,6,7,1,6,8,0,0,0,0,0,0,47,681,436,1,1,0,0.4666666666666667,29.066666666666663,2,1,0.5719447633329869,1,0,Actifs Moyens
19986.0,1,0,74,3,6,5,0,2,6,1,0,0,3,7,0,0,0,0,0,0,39,227,22,1,1,0,0.0,5.5,2,0,0.005413995762617053,0,1,Petits Budgets
30351.0,1,0,19,14,0,24,3,3,2,1,3,0,2,9,0,0,0,0,0,0,50,388,46,1,1,0,0.5,7.666666666666667,4,1,0.11617684826122761,0,1,Petits Budgets
32892.0,1,0,78,26,0,15,2,1,2,2,3,0,3,8,0,0,0,0,0,0,53,35,46,1,1,0,0.4285714285714285,6.571428571428571,4,0,0.005422100270404163,0,1,Petits Budgets
64090.0,0,1,8,316,58,161,76,51,135,1,6,9,4,5,0,0,0,0,0,0,68,326,797,1,1,0,0.3,39.85,2,1,0.04199192967365361,0,2,Aises Passifs
78952.0,0,1,11,1170,19,594,99,76,134,2,2,5,12,6,0,0,0,0,0,0,66,643,2092,1,1,0,0.1,104.6,4,0,0.14113346419145828,0,2,Aises Passifs
46854.0,1,1,81,96,1,79,7,1,79,6,5,1,3,8,1,0,0,0,0,0,51,90,263,2,0,1,0.5,26.3,4,1,0.09781281046338014,0,1,Petits Budgets
8028.0,0,0,62,73,18,66,7,12,2,15,0,1,0,19,0,0,0,0,0,0,33,649,178,0,0,0,0.0,89.0,2,0,0.2529626083458927,0,1,Petits Budgets
37760.0,0,0,20,84,5,38,150,12,28,2,4,1,6,7,0,0,0,0,0,0,78,667,317,0,1,0,0.3333333333333333,26.416666666666668,2,0,0.14895904426123646,0,0,Actifs Moyens
21675.0,1,0,55,4,0,16,17,4,4,3,4,0,3,7,0,0,0,0,0,0,48,18,45,1,1,0,0.5,5.625,2,0,0.010312841993072997,0,1,Petits Budgets
70792.0,0,0,82,344,45,654,104,11,114,2,3,4,10,3,0,0,0,0,0,0,73,508,1272,0,0,0,0.1666666666666666,70.66666666666667,2,0,0.027736527855361494,0,2,Aises Passifs
47139.0,1,1,2,46,0,12,0,2,23,2,2,1,2,7,0,0,0,0,0,0,72,115,83,2,0,0,0.3333333333333333,13.833333333333334,2,1,0.21225196373830643,0,1,Petits Budgets
49160.0,0,1,29,122,21,43,25,10,15,2,3,1,6,6,0,0,0,0,0,0,75,252,236,1,0,0,0.2727272727272727,21.454545454545453,2,0,0.015922630283548556,0,1,Petits Budgets
83151.0,0,0,93,407,28,100,120,74,18,1,5,9,4,3,0,0,0,0,0,0,64,627,747,0,1,0,0.2631578947368421,39.31578947368421,3,0,0.10465747711950933,0,2,Aises Passifs
44392.0,1,1,71,87,5,71,7,12,29,5,4,1,4,7,0,0,0,0,0,0,50,297,211,2,1,0,0.4,21.1,2,0,0.014653672294810568,0,1,Petits Budgets
46757.0,0,1,71,777,30,163,0,51,122,6,4,4,7,9,0,0,0,0,0,0,61,590,1143,1,0,0,0.25,71.4375,4,0,0.24031819449179181,0,0,Actifs Moyens
82014.0,0,0,48,980,37,265,35,163,31,1,3,6,12,6,0,0,0,0,0,0,63,678,1511,0,0,0,0.1363636363636363,68.68181818181819,2,1,0.19268916261778002,0,2,Aises Passifs
66664.0,0,0,78,398,96,447,220,96,32,1,5,7,6,3,0,0,0,0,0,0,42,642,1289,0,1,0,0.2631578947368421,67.84210526315789,1,0,0.04430955289779459,0,2,Aises Passifs
45759.0,1,1,13,42,1,18,3,0,4,2,2,0,3,7,0,0,0,0,0,0,60,491,68,2,1,0,0.3333333333333333,11.333333333333334,4,0,0.026609797615238528,0,1,Petits Budgets
75702.0,1,1,77,650,28,353,45,42,30,5,4,6,11,8,0,0,0,0,0,0,57,669,1148,2,1,0,0.1818181818181818,52.18181818181818,2,0,0.026441570830656656,0,0,Actifs Moyens
33402.0,1,1,60,26,2,19,10,5,8,3,2,1,3,8,0,0,0,0,0,0,72,346,70,2,1,0,0.2857142857142857,10.0,2,0,0.010758994698685144,0,1,Petits Budgets
20193.0,0,0,18,8,8,22,24,11,9,1,1,1,4,4,0,0,0,0,0,0,33,578,82,0,1,0,0.1428571428571428,11.714285714285714,1,0,0.03239266466723213,0,1,Petits Budgets
37971.0,1,0,97,5,4,10,2,2,7,1,1,0,3,8,0,0,0,0,0,0,51,216,30,1,1,0,0.2,6.0,2,0,0.004792417108609557,0,1,Petits Budgets
49505.0,1,1,4,604,0,100,19,0,28,9,10,2,8,8,0,0,0,0,0,0,53,481,751,2,1,0,0.4761904761904761,35.76190476190476,3,0,0.5388979927417994,1,0,Actifs Moyens
66476.0,0,1,80,742,28,152,25,9,57,2,6,8,10,4,0,0,0,0,0,0,55,207,1013,1,1,0,0.24,40.52,3,0,0.004572722024919397,0,0,Actifs Moyens
71706.0,0,1,16,931,56,253,91,98,14,4,9,5,7,5,0,0,0,0,0,0,65,593,1443,1,1,0,0.4090909090909091,65.5909090909091,2,0,0.11130231691531917,0,2,Aises Passifs
65492.0,0,0,73,247,161,295,210,85,47,2,4,7,13,2,0,0,0,0,0,0,65,154,1045,0,1,0,0.16,41.8,2,0,0.008575219456898635,0,2,Aises Passifs
75127.0,0,0,92,203,35,305,46,17,227,1,2,11,5,1,0,0,0,0,0,0,72,38,833,0,0,0,0.1052631578947368,43.8421052631579,2,0,0.011352350230727639,0,2,Aises Passifs
25930.0,1,1,87,6,1,2,2,0,4,1,1,0,2,7,0,0,0,0,0,0,57,262,15,2,0,0,0.25,3.75,2,0,0.006518944972549174,0,1,Petits Budgets
27421.0,0,0,14,43,12,96,78,40,55,3,4,1,6,7,0,0,0,0,0,0,70,564,324,0,0,0,0.3333333333333333,27.0,2,0,0.3236198165585122,0,0,Actifs Moyens
53843.0,0,1,64,378,0,88,19,4,73,4,8,5,3,7,0,0,0,0,0,0,59,367,562,1,1,0,0.4705882352941176,33.05882352941177,3,0,0.017801754935726184,0,0,Actifs Moyens
42213.0,0,1,96,309,3,24,4,3,20,2,5,1,7,7,0,1,0,0,0,0,67,260,363,1,1,1,0.3571428571428571,25.928571428571427,2,0,0.009966036276665554,0,0,Actifs Moyens
35688.0,2,1,94,73,3,90,12,1,32,7,4,1,4,8,0,0,0,0,0,0,51,676,211,3,1,0,0.4,21.1,1,0,0.09201226488205624,0,1,Petits Budgets
47703.0,0,1,95,359,0,134,13,26,123,4,6,3,8,5,0,0,0,0,0,0,71,396,655,1,1,0,0.3333333333333333,36.388888888888886,2,0,0.006182729991787598,0,0,Actifs Moyens
20194.0,1,0,64,0,4,7,11,10,15,2,2,0,3,6,0,0,0,0,0,0,45,559,47,1,0,0,0.3333333333333333,7.833333333333333,0,0,0.038865351366031864,0,1,Petits Budgets
77863.0,0,0,20,881,38,319,16,25,12,1,4,5,10,2,0,0,0,0,0,0,66,214,1291,0,1,0,0.2,64.55,4,0,0.018591439354605034,0,0,Actifs Moyens
54414.0,1,1,49,109,18,16,24,26,18,4,3,1,5,4,0,0,0,0,0,0,61,522,211,2,1,0,0.3,21.1,2,0,0.017679891363587514,0,1,Petits Budgets
28691.0,1,0,56,5,4,13,8,0,4,1,1,0,3,8,0,0,0,0,0,0,35,360,34,1,1,0,0.2,6.8,2,0,0.00491986069403337,0,1,Petits Budgets
67536.0,0,1,45,1253,0,447,23,71,35,3,11,5,11,8,0,0,0,1,0,0,54,403,1829,1,1,1,0.3928571428571428,65.32142857142857,4,0,0.07305318259377733,0,3,Premium Engages
57247.0,0,1,50,99,4,32,37,54,6,2,2,1,7,2,0,0,0,0,0,0,72,325,232,1,1,0,0.1818181818181818,21.09090909090909,1,0,0.005383487223240308,0,1,Petits Budgets
73803.0,0,1,61,833,80,363,52,26,174,2,9,5,6,6,1,0,0,0,0,0,67,697,1528,1,1,1,0.4285714285714285,72.76190476190476,2,1,0.4264489142593341,0,3,Premium Engages
36732.0,1,1,71,21,5,3,10,1,7,3,1,1,4,2,0,0,0,0,0,0,65,182,47,2,1,0,0.1428571428571428,6.714285714285714,4,0,0.004649502438956283,0,1,Petits Budgets
76842.0,0,0,37,605,10,345,84,54,32,1,1,8,7,0,0,0,0,0,0,0,74,57,1130,0,0,0,0.0588235294117647,66.47058823529412,4,0,0.047753217078607954,0,2,Aises Passifs
83512.0,0,0,31,1060,61,835,80,20,101,1,4,7,10,1,1,0,1,1,1,0,38,12,2157,0,1,4,0.1818181818181818,98.04545454545456,2,1,0.7919696376593106,1,3,Premium Engages
96843.0,0,0,60,448,71,951,40,17,17,1,6,11,10,2,0,0,1,0,0,0,34,432,1544,0,0,1,0.2142857142857142,55.142857142857146,2,1,0.5202491568126378,1,3,Premium Engages
81975.0,0,1,2,983,76,184,180,138,27,1,6,3,4,7,0,0,1,0,0,0,62,540,1588,1,0,1,0.4285714285714285,113.42857142857144,1,0,0.7829162246446479,1,2,Aises Passifs
68126.0,0,0,40,1332,17,311,23,51,86,1,7,4,5,9,0,1,0,0,0,0,33,596,1820,0,0,1,0.4117647058823529,107.05882352941175,4,1,0.6510739005702861,1,3,Premium Engages
20491.0,0,0,16,5,4,5,4,2,10,1,0,1,2,7,0,0,0,0,0,0,38,520,30,0,1,0,0.0,7.5,1,0,0.053966317275936544,0,1,Petits Budgets
37758.0,1,1,49,27,2,10,0,0,1,2,1,0,3,8,0,0,0,0,0,0,58,633,40,2,1,0,0.2,8.0,2,0,0.03122740101077269,0,1,Petits Budgets
69098.0,0,0,82,1315,22,780,145,0,178,1,7,8,9,5,0,0,0,0,0,0,75,498,2440,0,1,0,0.28,97.6,4,0,0.13864155580619236,0,3,Premium Engages
37859.0,1,2,75,22,1,8,2,1,2,2,1,0,3,8,0,0,0,0,0,0,62,533,36,3,0,0,0.2,7.2,2,0,0.020081077345518835,0,1,Petits Budgets
46107.0,1,0,78,31,9,27,16,9,33,1,1,1,4,3,0,0,0,0,0,0,35,139,125,1,0,0,0.1428571428571428,17.857142857142858,2,0,0.005643888863587142,0,1,Petits Budgets
52332.0,0,0,63,212,5,33,7,0,2,1,3,2,6,4,0,1,0,0,0,0,65,305,259,0,0,1,0.25,21.58333333333333,2,0,0.025795454991122305,0,1,Petits Budgets
75027.0,0,1,74,925,64,179,133,12,77,2,9,4,6,5,0,0,0,0,0,0,71,536,1390,1,1,0,0.45,69.5,2,0,0.07982432996513734,0,2,Aises Passifs
74068.0,0,0,14,783,30,537,140,76,15,1,4,10,9,2,0,0,0,0,0,0,48,467,1581,0,1,0,0.1666666666666666,65.875,2,0,0.07727628921639819,0,2,Aises Passifs
72570.0,0,0,67,274,83,216,151,141,224,1,4,6,12,1,0,0,0,0,0,0,40,65,1089,0,1,0,0.1739130434782608,47.34782608695652,2,0,0.006037517215536733,0,2,Aises Passifs
55375.0,0,1,3,42,11,57,10,28,14,1,1,1,6,2,0,0,0,0,0,0,47,255,162,1,1,0,0.1111111111111111,18.0,2,0,0.059791255271536316,0,1,Petits Budgets
102692.0,0,0,5,168,148,444,32,172,148,1,6,9,13,2,0,1,1,1,1,0,50,450,1112,0,0,4,0.2068965517241379,38.3448275862069,2,1,0.9905953263261928,1,3,Premium Engages
59892.0,0,1,26,73,0,13,0,1,0,1,2,1,3,3,0,0,0,0,0,0,54,239,87,1,1,0,0.2857142857142857,12.428571428571429,4,0,0.010864360065895848,0,1,Petits Budgets
55951.0,0,1,62,1241,0,80,0,13,40,3,3,6,11,8,0,1,0,0,1,0,72,675,1374,1,1,2,0.1428571428571428,65.42857142857143,3,0,0.26546265263464996,0,3,Premium Engages
20518.0,1,0,58,4,1,6,4,1,9,1,1,1,2,5,0,0,0,0,0,0,36,42,25,1,0,0,0.2,5.0,2,0,0.008240522356199265,0,1,Petits Budgets
81741.0,0,0,75,249,153,940,58,134,38,0,6,6,7,2,0,0,0,0,0,0,44,378,1572,0,0,0,0.3,78.6,2,0,0.19180785633124503,0,2,Aises Passifs
75777.0,0,0,12,712,26,538,69,13,80,1,3,6,11,1,0,1,1,0,0,0,42,360,1438,0,0,2,0.1428571428571428,68.47619047619048,3,1,0.9411538024600026,1,3,Premium Engages
64813.0,1,0,81,293,0,124,179,97,52,1,7,2,10,5,0,0,0,0,0,0,46,178,745,1,1,0,0.35,37.25,2,0,0.004594522242053148,0,2,Aises Passifs
7500.0,0,0,59,6,16,11,11,1,16,1,2,0,3,8,0,0,0,0,0,0,48,593,61,0,1,0,0.3333333333333333,10.166666666666666,0,0,0.05723961067746464,0,1,Petits Budgets
28718.0,1,0,78,12,4,6,11,8,16,2,2,0,3,8,0,0,0,0,0,0,42,351,57,1,1,0,0.3333333333333333,9.5,2,0,0.006620983972667055,0,1,Petits Budgets
75114.0,0,0,40,571,12,523,63,60,24,1,3,10,5,2,0,0,0,0,0,0,32,234,1253,0,1,0,0.1578947368421052,65.94736842105263,2,0,0.0641587934551737,0,2,Aises Passifs
71434.0,0,1,4,711,36,217,172,96,168,3,7,4,7,4,0,1,0,1,0,0,62,284,1400,1,1,2,0.3684210526315789,73.6842105263158,2,0,0.7675455620725279,1,3,Premium Engages
35246.0,1,1,53,36,0,12,2,2,10,4,3,1,3,5,0,0,0,0,0,0,66,74,62,2,0,0,0.375,7.75,2,0,0.011012885672721536,0,1,Petits Budgets
39922.0,1,0,30,29,12,59,19,1,36,2,3,0,4,8,0,0,0,0,0,0,41,500,156,1,1,0,0.375,19.5,2,0,0.03217332539939712,0,1,Petits Budgets
65486.0,0,1,29,245,19,125,37,67,14,1,4,2,10,2,0,0,0,0,0,0,67,48,507,1,0,0,0.2352941176470588,29.823529411764707,2,0,0.007431025199210934,0,0,Actifs Moyens
41120.0,1,1,80,24,2,23,0,8,24,3,2,1,3,6,0,0,0,0,0,0,56,235,81,2,1,0,0.2857142857142857,11.571428571428571,2,0,0.012147886794014422,0,1,Petits Budgets
69867.0,0,0,30,196,0,512,33,130,54,1,3,5,8,1,0,0,0,1,0,0,38,453,925,0,0,1,0.1764705882352941,54.41176470588236,4,1,0.500291952158095,1,2,Aises Passifs
44300.0,1,1,65,30,0,9,0,0,3,2,1,0,3,6,0,0,0,0,0,0,59,371,42,2,1,0,0.2,8.4,2,0,0.006618851140656948,0,1,Petits Budgets
22419.0,0,0,74,30,3,47,19,21,42,1,3,2,2,8,0,0,0,0,0,0,61,437,162,0,1,0,0.375,20.25,2,0,0.04981190570163191,0,1,Petits Budgets
31454.0,1,1,40,28,0,11,0,0,9,3,2,0,3,8,0,0,0,0,0,0,64,358,48,2,1,0,0.3333333333333333,8.0,2,0,0.009886077043087624,0,1,Petits Budgets
70379.0,0,1,84,553,25,142,65,67,8,3,6,3,13,4,0,0,0,0,0,0,48,483,860,1,0,0,0.2608695652173913,37.391304347826086,3,0,0.007009398687300639,0,0,Actifs Moyens
19740.0,0,1,65,7,11,3,10,4,20,2,1,1,3,5,0,0,0,0,0,0,64,462,55,1,1,0,0.1666666666666666,9.166666666666666,2,0,0.008456670592150575,0,1,Petits Budgets
67430.0,0,0,6,595,97,291,127,133,121,1,11,5,12,6,0,0,0,0,0,0,37,662,1364,0,1,0,0.3793103448275862,47.03448275862069,2,0,0.11034873826958279,0,2,Aises Passifs
89616.0,0,0,36,671,47,655,145,111,15,1,7,5,12,2,0,0,0,0,0,0,41,489,1644,0,0,0,0.28,65.76,3,1,0.3726343824568234,0,2,Aises Passifs
62820.0,0,0,51,398,61,265,138,61,53,1,3,4,6,1,0,0,0,0,0,0,70,414,976,0,1,0,0.2142857142857142,69.71428571428571,2,0,0.012049656992258862,0,2,Aises Passifs
69627.0,0,1,35,231,161,215,171,30,53,2,8,2,11,5,0,0,0,0,0,0,62,469,861,1,0,0,0.3636363636363636,39.13636363636363,2,0,0.014041584818159411,0,2,Aises Passifs
36927.0,1,1,46,51,0,16,0,0,4,2,3,0,3,8,0,0,0,0,0,0,69,27,71,2,0,0,0.4285714285714285,10.142857142857142,3,0,0.011347697713989465,0,1,Petits Budgets
38946.0,0,1,84,116,6,82,6,6,41,2,3,1,6,5,0,0,0,0,0,0,69,248,257,1,1,0,0.2727272727272727,23.363636363636363,2,0,0.007859918242731922,0,1,Petits Budgets
79908.0,0,0,30,557,129,761,29,185,111,1,5,6,7,2,0,0,1,0,0,0,42,450,1772,0,1,1,0.2631578947368421,93.26315789473684,2,0,0.1737062874634988,0,2,Aises Passifs
80124.0,0,0,47,483,84,398,205,84,241,1,3,7,8,1,1,0,0,0,0,0,61,3,1495,0,1,1,0.1578947368421052,78.6842105263158,2,0,0.030759238705157795,0,2,Aises Passifs
68487.0,0,0,48,758,12,385,33,89,89,1,9,7,13,4,0,0,0,0,0,0,36,532,1366,0,1,0,0.3,45.53333333333333,2,0,0.012465178982247239,0,2,Aises Passifs
35704.0,1,1,54,30,9,12,2,11,30,3,2,0,4,4,0,0,0,0,0,0,72,177,94,2,1,0,0.2857142857142857,13.428571428571429,2,0,0.011921689229772887,0,1,Petits Budgets
62905.0,0,1,68,166,75,96,119,107,59,3,7,2,8,4,0,0,0,0,0,0,60,292,622,1,1,0,0.3888888888888889,34.55555555555556,1,0,0.00547838525022472,0,2,Aises Passifs
35340.0,1,1,1,27,0,12,0,1,5,2,2,0,3,5,0,0,0,0,0,0,68,0,45,2,0,0,0.3333333333333333,7.5,4,0,0.04551909465406182,0,1,Petits Budgets
101970.0,0,0,69,722,27,102,44,72,168,0,6,8,13,2,0,1,1,1,0,0,41,474,1135,0,0,3,0.2142857142857142,40.535714285714285,2,1,0.9666360942237839,1,3,Premium Engages
55012.0,0,1,85,582,0,65,0,0,13,6,8,2,9,5,0,0,0,0,0,0,51,100,660,1,1,0,0.4,33.0,4,0,0.004299395339083898,0,0,Actifs Moyens
65777.0,0,0,87,565,32,435,28,32,54,1,2,8,6,1,0,0,0,0,0,0,57,192,1146,0,1,0,0.1176470588235294,67.41176470588235,2,0,0.008713770630732564,0,2,Aises Passifs
39898.0,0,1,20,69,8,26,12,7,12,2,3,0,4,7,0,0,0,0,0,0,70,502,134,1,1,0,0.375,16.75,2,0,0.014706979363740505,0,1,Petits Budgets
27733.0,1,0,16,0,7,5,26,2,17,2,2,0,3,7,0,0,0,0,0,0,43,307,57,1,1,0,0.3333333333333333,9.5,1,0,0.019738659335891525,0,1,Petits Budgets
71965.0,0,1,21,572,19,286,50,38,248,3,6,3,5,3,0,0,0,0,0,0,73,335,1213,1,1,0,0.4,80.86666666666666,2,0,0.06557067422588954,0,0,Actifs Moyens
65176.0,0,1,57,960,28,183,220,70,70,4,9,6,6,6,0,0,0,0,0,0,55,608,1531,1,1,0,0.4090909090909091,69.5909090909091,3,0,0.1626060324705452,0,2,Aises Passifs
67605.0,0,0,84,336,28,282,184,54,54,1,2,8,6,1,0,0,0,0,0,0,37,455,938,0,1,0,0.1176470588235294,55.1764705882353,2,0,0.010497786871639343,0,2,Aises Passifs
30992.0,1,0,83,17,0,14,7,3,2,1,1,0,3,7,0,0,0,0,0,0,48,433,43,1,0,0,0.2,8.6,2,0,0.007869636372952026,0,1,Petits Budgets
46904.0,1,1,20,153,4,56,0,9,31,4,5,1,4,8,0,0,0,0,0,0,57,603,253,2,0,0,0.4545454545454545,23.0,2,0,0.4712076294550086,0,1,Petits Budgets
79419.0,0,0,96,751,127,687,20,15,31,1,4,6,4,2,0,0,0,0,0,0,54,7,1631,0,1,0,0.2666666666666666,108.73333333333332,3,0,0.08158182721440592,0,2,Aises Passifs
38236.0,1,1,2,58,0,18,2,0,10,4,3,0,4,7,0,0,0,0,0,0,56,282,88,2,0,0,0.375,11.0,4,0,0.1513885501311168,0,1,Petits Budgets
38415.0,1,1,91,22,1,13,4,0,4,2,1,0,3,7,0,0,0,0,0,0,46,543,44,2,1,0,0.2,8.8,2,0,0.008807760535517207,0,1,Petits Budgets
71466.0,0,0,86,412,12,546,78,182,0,1,4,4,10,1,0,0,0,0,0,0,50,85,1230,0,0,0,0.2105263157894736,64.73684210526316,4,0,0.02342938991776255,0,2,Aises Passifs
35544.0,1,0,77,30,5,23,4,1,4,1,2,0,3,7,0,0,0,0,0,0,46,113,67,1,0,0,0.3333333333333333,11.166666666666666,3,0,0.009253608637719972,0,1,Petits Budgets
72643.0,0,0,60,526,80,553,123,94,53,1,3,10,7,2,0,0,0,1,0,0,75,487,1429,0,0,1,0.1428571428571428,68.04761904761905,2,1,0.4436478251398361,0,2,Aises Passifs
42429.0,0,1,99,55,0,6,2,0,4,2,1,1,3,5,0,0,0,0,0,0,51,138,67,1,0,0,0.1666666666666666,11.166666666666666,2,0,0.004769766823121501,0,1,Petits Budgets
65991.0,0,1,21,507,19,364,25,47,9,3,9,5,10,7,0,0,0,0,0,0,48,660,971,1,1,0,0.36,38.84,2,0,0.03574848907918519,0,0,Actifs Moyens
55412.0,1,1,65,10,5,28,11,1,8,1,2,0,3,5,0,0,0,0,0,0,48,219,63,2,0,0,0.3333333333333333,10.5,4,0,0.007355799031155465,0,1,Petits Budgets
75922.0,0,0,60,265,138,553,224,23,92,1,4,4,9,1,0,0,0,0,0,0,56,202,1295,0,0,0,0.2222222222222222,71.94444444444444,2,0,0.036479141764884704,0,2,Aises Passifs
59481.0,0,1,47,178,3,85,71,66,58,2,3,3,8,2,0,0,0,0,0,0,49,249,461,1,1,0,0.2,30.73333333333333,2,0,0.0045903278889364366,0,0,Actifs Moyens
25358.0,0,1,57,19,0,5,0,0,8,2,1,0,3,6,0,0,0,0,0,0,77,342,32,1,0,0,0.2,6.4,4,0,0.008516003775924015,0,1,Petits Budgets
21063.0,1,0,34,1,10,11,19,3,15,2,2,0,3,6,0,0,0,0,0,0,37,277,59,1,0,0,0.3333333333333333,9.833333333333334,0,0,0.015448743325779592,0,1,Petits Budgets
39146.0,1,0,1,94,1,33,13,12,12,3,4,0,4,8,0,0,0,0,0,0,38,500,165,1,0,0,0.4444444444444444,18.33333333333333,2,0,0.4268134267933073,0,1,Petits Budgets
24594.0,1,0,94,1,3,6,10,0,9,1,1,0,3,5,0,0,0,0,0,0,45,201,29,1,1,0,0.2,5.8,0,0,0.002640129194521754,0,1,Petits Budgets
57937.0,0,1,56,261,42,144,55,48,133,3,4,4,9,3,0,0,0,0,0,0,42,133,683,1,1,0,0.2222222222222222,37.94444444444444,1,0,0.004348631493216382,0,0,Actifs Moyens
48799.0,0,1,9,174,18,81,28,6,24,3,3,2,7,3,0,0,0,0,0,0,61,236,331,1,0,0,0.2307692307692307,25.46153846153846,4,0,0.03452660188670017,0,1,Petits Budgets
50523.0,1,1,89,51,4,24,4,7,1,2,2,0,4,6,0,0,0,0,0,0,64,186,91,2,1,0,0.2857142857142857,13.0,1,0,0.0047350564916892055,0,1,Petits Budgets
35860.0,1,1,37,15,0,8,4,2,20,2,1,1,2,5,1,0,0,0,0,0,51,41,49,2,0,1,0.2,9.8,4,1,0.2661239347808937,0,1,Petits Budgets
92955.0,0,0,35,693,21,925,31,24,84,1,6,7,9,2,0,0,1,1,0,0,51,314,1778,0,1,2,0.2608695652173913,77.30434782608695,2,1,0.5564004311451575,1,3,Premium Engages
90933.0,0,0,90,1020,31,430,62,63,79,1,4,6,4,1,0,0,1,0,0,0,70,90,1685,0,0,1,0.2666666666666666,112.33333333333331,4,0,0.494106021896343,0,3,Premium Engages
42693.0,1,0,29,8,4,20,6,3,16,1,1,0,3,5,0,0,0,0,0,0,46,22,57,1,1,0,0.2,11.4,2,0,0.010923886660858263,0,1,Petits Budgets
77610.0,0,1,70,1245,33,332,21,33,16,2,4,7,4,7,0,0,0,0,0,0,72,608,1680,1,1,0,0.25,105.0,4,0,0.48677160676939246,0,0,Actifs Moyens
48150.0,0,1,24,173,2,39,3,2,47,3,5,1,4,7,0,0,0,0,0,0,75,386,266,1,1,0,0.4545454545454545,24.181818181818183,3,0,0.031369713938293214,0,0,Actifs Moyens
46734.0,0,1,40,110,5,137,26,23,29,2,6,1,5,7,0,0,0,0,0,0,70,588,330,1,1,0,0.4615384615384615,25.384615384615383,2,0,0.05927905003057246,0,0,Actifs Moyens
19789.0,1,0,24,2,5,9,28,6,28,3,2,1,3,5,1,0,0,0,0,0,49,221,78,1,1,1,0.2857142857142857,11.142857142857142,1,0,0.36941175862198133,0,1,Petits Budgets
81702.0,0,0,98,563,50,774,28,31,187,1,7,7,12,3,0,0,0,0,0,0,44,644,1633,0,0,0,0.2592592592592592,60.48148148148148,2,0,0.06488554387286016,0,2,Aises Passifs
16014.0,1,1,42,3,9,4,7,8,7,4,1,1,4,3,0,0,0,0,0,0,45,469,38,2,0,0,0.1428571428571428,5.428571428571429,0,0,0.009270290721170341,0,1,Petits Budgets
74918.0,0,0,78,972,59,913,25,19,59,1,5,9,6,3,0,0,1,0,0,0,55,474,2047,0,1,1,0.238095238095238,97.47619047619048,2,0,0.2185131413675954,0,3,Premium Engages
76320.0,0,1,49,526,35,214,69,53,35,2,6,3,4,2,0,0,0,0,0,0,65,7,932,1,0,0,0.4285714285714285,66.57142857142857,2,0,0.010320675973456107,0,0,Actifs Moyens
38452.0,1,1,62,56,0,14,0,0,2,3,3,0,3,7,0,0,0,0,0,0,69,91,72,2,1,0,0.4285714285714285,10.285714285714286,3,0,0.00797426704467354,0,1,Petits Budgets
20559.0,1,0,88,13,1,29,3,0,7,2,2,0,3,8,0,0,0,0,0,0,39,474,53,1,1,0,0.3333333333333333,8.833333333333334,3,0,0.011435908727915941,0,1,Petits Budgets
65640.0,0,1,74,204,7,149,20,15,66,1,5,1,8,2,0,0,0,0,0,0,50,120,461,1,1,0,0.3333333333333333,30.73333333333333,4,0,0.005559974882323204,0,0,Actifs Moyens
64831.0,1,1,51,480,86,249,75,86,144,8,6,3,5,6,0,0,0,0,0,0,72,384,1120,2,0,0,0.4,74.66666666666667,1,0,0.024417784345399433,0,2,Aises Passifs
57107.0,0,1,44,159,0,120,0,0,137,7,4,4,8,8,0,1,0,0,1,0,56,674,416,1,0,2,0.2352941176470588,24.47058823529412,2,1,0.768416116844443,1,0,Actifs Moyens
18358.0,1,0,49,6,8,19,16,4,4,3,3,0,4,7,0,0,0,0,0,0,35,221,57,1,0,0,0.375,7.125,2,0,0.009905967809133416,0,1,Petits Budgets
42607.0,0,1,30,156,29,56,30,32,47,2,3,2,7,3,0,0,0,0,0,0,70,224,350,1,0,0,0.2307692307692307,26.923076923076923,1,0,0.019923866150257766,0,0,Actifs Moyens
42720.0,1,1,9,392,5,91,28,26,112,8,7,3,7,8,0,0,0,0,0,0,59,431,654,2,0,0,0.3888888888888889,36.333333333333336,2,1,0.418461587427477,0,0,Actifs Moyens
18589.0,0,0,89,6,4,25,15,12,13,2,2,1,3,7,0,0,0,0,0,0,55,543,75,0,0,0,0.2857142857142857,10.714285714285714,2,0,0.03591278379091437,0,1,Petits Budgets
23477.0,1,0,39,38,15,54,3,8,29,3,3,0,4,8,0,0,0,0,0,0,38,251,147,1,1,0,0.375,18.375,2,0,0.029235205862216247,0,1,Petits Budgets
44953.0,0,0,31,728,17,133,11,8,124,1,7,3,13,6,1,0,0,0,0,0,43,555,1021,0,1,1,0.2916666666666667,42.54166666666666,4,0,0.24632656690467994,0,0,Actifs Moyens
48948.0,0,0,53,437,8,206,160,49,42,2,7,10,5,6,1,0,0,0,0,0,81,513,902,0,0,1,0.3043478260869565,39.21739130434783,4,1,0.8851094179152407,1,2,Aises Passifs
79823.0,0,1,6,835,73,380,114,73,43,1,6,9,7,2,0,1,0,0,0,0,65,90,1518,1,1,1,0.2608695652173913,66.0,2,0,0.18722929912497296,0,3,Premium Engages
13260.0,1,1,48,9,4,17,10,2,7,4,3,0,3,8,0,0,0,0,0,0,54,310,49,2,1,0,0.4285714285714285,7.0,2,0,0.008624090555415976,0,1,Petits Budgets
31788.0,1,0,15,16,7,23,0,8,6,3,3,0,4,5,0,0,0,0,0,1,41,101,60,1,0,0,0.375,7.5,3,0,0.056061446013141836,0,1,Petits Budgets
94384.0,0,0,62,1111,24,790,160,45,172,0,5,8,5,2,0,1,1,1,0,0,71,482,2302,0,1,3,0.2631578947368421,121.15789473684212,2,1,0.9502175582429823,1,3,Premium Engages
78420.0,0,0,75,604,28,674,91,28,28,1,3,10,8,1,0,0,0,0,0,0,58,365,1453,0,0,0,0.1363636363636363,66.04545454545455,4,0,0.059087391268100836,0,2,Aises Passifs
33316.0,1,1,34,79,1,31,4,4,12,3,2,1,4,6,0,0,0,0,0,0,53,268,131,2,0,0,0.25,16.375,3,0,0.029876919580587,0,1,Petits Budgets
79941.0,0,0,72,123,164,266,227,30,174,1,2,4,9,1,0,0,0,0,0,0,48,1,984,0,0,0,0.125,61.5,2,0,0.013435576057343135,0,2,Aises Passifs
25818.0,1,0,51,5,2,8,2,2,9,1,0,1,2,7,0,0,0,0,0,0,53,619,28,1,0,0,0.0,7.0,2,0,0.2049219139197933,0,1,Petits Budgets
60482.0,0,1,81,255,43,134,37,14,24,1,7,2,7,7,0,0,0,0,0,0,48,522,507,1,0,0,0.4117647058823529,29.823529411764707,3,0,0.017804402823497878,0,0,Actifs Moyens
78618.0,0,0,87,736,163,818,212,163,61,1,4,7,10,2,0,1,0,0,0,0,67,639,2153,0,1,1,0.1818181818181818,97.86363636363636,2,0,0.06412608072550612,0,2,Aises Passifs
40521.0,1,1,82,12,0,5,0,0,4,1,0,1,2,5,0,0,0,0,0,0,56,450,21,2,1,0,0.0,5.25,2,0,0.008132086241342568,0,1,Petits Budgets
67506.0,0,1,73,90,38,67,33,36,67,1,4,1,6,3,0,0,0,0,0,0,44,178,331,1,0,0,0.3333333333333333,27.58333333333333,1,0,0.005467044424726395,0,0,Actifs Moyens
49681.0,0,2,66,411,0,26,0,0,21,6,7,1,7,7,0,0,0,0,0,0,48,237,458,2,1,0,0.4375,28.625,3,0,0.008386274282226895,0,0,Actifs Moyens
79244.0,0,0,58,471,102,125,212,61,245,1,4,10,7,1,0,0,1,1,0,0,31,557,1216,0,0,2,0.1818181818181818,55.27272727272727,2,1,0.8595249898016425,1,2,Aises Passifs
33590.0,2,1,65,4,0,2,0,0,2,1,1,0,2,7,0,0,0,0,0,0,50,238,8,3,1,0,0.25,2.0,2,0,0.00513718652876963,0,1,Petits Budgets
86836.0,0,0,7,179,21,273,0,21,63,1,6,10,6,5,1,0,1,1,0,0,49,655,557,0,1,3,0.2608695652173913,24.217391304347824,4,1,0.983155028512149,1,3,Premium Engages
41154.0,0,1,98,44,2,11,2,3,7,1,1,0,4,5,0,0,0,0,0,0,46,446,69,1,1,0,0.1666666666666666,11.5,2,0,0.005531651016749305,0,1,Petits Budgets
78075.0,0,0,72,572,8,259,34,35,80,1,3,5,5,1,0,0,0,0,0,0,52,85,988,0,1,0,0.2142857142857142,70.57142857142857,4,0,0.010146557453956281,0,0,Actifs Moyens
37070.0,1,1,30,231,7,137,4,15,39,9,5,1,8,7,0,0,0,0,0,0,58,466,433,2,0,0,0.3333333333333333,28.866666666666667,2,1,0.719800520301333,1,0,Actifs Moyens
41335.0,1,0,24,112,19,21,16,14,5,3,4,1,4,7,0,0,0,0,0,0,56,185,187,1,0,0,0.4,18.7,3,0,0.05761846753444724,0,1,Petits Budgets
80124.0,0,0,47,483,84,398,205,84,241,1,3,7,8,1,1,0,0,0,0,0,61,3,1495,0,1,1,0.1578947368421052,78.6842105263158,2,0,0.030759238705157795,0,2,Aises Passifs
34242.0,0,1,25,8,2,4,0,0,1,1,0,0,3,5,0,0,0,0,0,0,65,98,15,1,1,0,0.0,3.75,3,0,0.0036115216118483852,0,1,Petits Budgets
82584.0,0,0,26,1076,68,103,29,91,68,1,3,4,8,1,0,1,1,0,0,0,50,390,1435,0,1,2,0.1875,89.6875,3,1,0.11005036188397152,0,3,Premium Engages
62882.0,0,1,26,509,133,497,78,24,97,2,7,5,6,4,0,0,0,0,0,0,55,689,1338,1,1,0,0.3684210526315789,70.42105263157895,2,0,0.21103310427759953,0,2,Aises Passifs
66565.0,0,1,80,747,10,161,65,40,42,4,4,2,9,8,0,0,0,0,0,0,62,571,1065,1,0,0,0.25,66.5625,2,0,0.015878506844881984,0,0,Actifs Moyens
59601.0,0,1,14,691,7,69,0,7,23,4,2,2,7,8,0,1,0,0,0,0,47,339,797,1,0,1,0.1666666666666666,66.41666666666667,1,0,0.24453582796185078,0,0,Actifs Moyens
77457.0,0,0,85,675,11,400,15,45,11,1,2,5,10,1,0,0,1,0,0,0,77,116,1157,0,0,1,0.1111111111111111,64.27777777777777,2,0,0.01676618640404499,0,3,Premium Engages
19514.0,1,1,47,14,3,21,2,1,28,4,3,1,2,8,1,0,0,0,0,0,56,154,69,2,1,1,0.4285714285714285,9.857142857142858,2,0,0.5637874953001535,1,1,Petits Budgets
26487.0,1,0,23,2,8,10,12,14,23,3,2,1,3,5,0,0,0,0,0,0,46,405,69,1,0,0,0.2857142857142857,9.857142857142858,0,0,0.08590512689338715,0,1,Petits Budgets
11448.0,0,0,16,0,0,0,6,2,6,1,1,0,2,6,0,0,0,0,0,0,49,196,14,0,0,0,0.25,3.5,1,0,0.01875383767031992,0,1,Petits Budgets
50965.0,0,1,87,544,13,85,8,6,29,3,10,4,5,8,1,0,0,0,0,0,68,494,685,1,1,1,0.5,34.25,3,0,0.10029740202117408,0,0,Actifs Moyens
54549.0,0,1,8,216,2,6,0,0,9,2,5,1,4,7,0,0,0,0,0,0,72,118,233,1,1,0,0.4545454545454545,21.181818181818183,4,0,0.02824209853335094,0,1,Petits Budgets
41638.0,0,1,68,315,0,31,4,0,91,4,5,5,3,8,1,0,0,0,0,0,60,501,441,1,0,1,0.3571428571428571,31.5,2,0,0.3514722017841811,0,0,Actifs Moyens
36627.0,2,0,78,9,1,5,0,0,1,1,0,0,3,5,0,0,0,0,0,0,49,341,16,2,0,0,0.0,4.0,2,0,0.005999293673541365,0,1,Petits Budgets
54591.0,0,1,63,376,4,94,12,9,24,3,6,2,8,5,0,0,0,0,0,0,75,328,519,1,1,0,0.3529411764705882,30.529411764705884,2,0,0.005423977352265973,0,0,Actifs Moyens
75507.0,0,0,56,709,93,374,104,80,80,1,8,6,6,3,0,0,0,0,0,0,45,58,1440,0,1,0,0.3809523809523809,68.57142857142857,2,0,0.014538702841627796,0,2,Aises Passifs
38829.0,0,1,86,76,0,7,0,0,16,1,3,2,2,5,0,0,0,0,0,0,65,84,99,1,1,0,0.375,12.375,4,0,0.008907724209939382,0,1,Petits Budgets
34824.0,0,0,65,4,2,11,2,0,4,1,1,0,2,6,0,0,0,0,0,0,29,95,23,0,0,0,0.25,5.75,2,0,0.007596749676830398,0,1,Petits Budgets
79146.0,1,1,33,245,16,223,21,43,16,2,8,1,8,6,0,0,0,0,0,0,57,66,564,2,0,0,0.4444444444444444,31.33333333333333,2,0,0.017536607212180887,0,0,Actifs Moyens
22634.0,0,0,47,2,23,11,8,6,46,1,2,1,2,8,0,0,0,0,0,0,58,529,96,0,1,0,0.3333333333333333,16.0,0,0,0.041167496975143755,0,1,Petits Budgets
39228.0,0,0,1,7,1,6,0,3,3,1,0,0,3,4,0,0,0,0,0,0,64,415,20,0,0,0,0.0,5.0,3,0,0.06454163367583031,0,1,Petits Budgets
18988.0,1,0,43,6,0,6,2,1,1,2,1,0,3,7,0,0,0,0,0,0,40,37,16,1,1,0,0.2,3.2,4,0,0.006253536304416804,0,1,Petits Budgets
49090.0,0,1,45,494,5,82,7,0,100,3,7,2,9,7,0,0,0,0,0,0,73,345,688,1,0,0,0.3684210526315789,36.21052631578947,2,0,0.013555795431887454,0,0,Actifs Moyens
36143.0,1,0,33,12,0,1,0,0,6,1,0,1,2,3,0,0,0,0,0,0,43,91,19,1,0,0,0.0,4.75,3,0,0.018076316263339033,0,1,Petits Budgets
29009.0,1,0,19,6,6,15,10,5,2,2,2,0,3,6,0,0,0,0,0,0,43,212,44,1,1,0,0.3333333333333333,7.333333333333333,2,0,0.01813130035409058,0,1,Petits Budgets
9548.0,1,0,31,0,1,3,10,6,9,2,1,0,3,8,0,0,0,0,0,0,48,690,29,1,0,0,0.2,5.8,0,0,0.051153347930209786,0,1,Petits Budgets
87000.0,0,0,61,196,25,607,67,17,49,1,4,6,7,2,0,0,0,0,0,0,32,561,961,0,1,0,0.2222222222222222,53.388888888888886,1,0,0.03109980715159547,0,2,Aises Passifs
59462.0,0,1,29,724,17,143,0,8,196,2,9,2,12,7,0,0,0,0,0,0,74,540,1088,1,1,0,0.375,45.333333333333336,2,0,0.02480858075017541,0,0,Actifs Moyens
80589.0,0,0,25,507,93,520,242,40,26,1,5,10,5,1,0,0,0,1,0,0,80,158,1428,0,1,1,0.238095238095238,68.0,2,1,0.09620159595873432,0,2,Aises Passifs
83145.0,0,0,14,777,35,731,39,137,114,1,5,9,11,2,0,0,1,0,0,0,50,645,1833,0,1,1,0.1923076923076923,70.5,2,1,0.4278805821033506,0,3,Premium Engages
38620.0,0,0,56,112,17,44,34,22,89,1,2,5,3,3,0,0,0,0,0,0,61,414,318,0,1,0,0.1818181818181818,28.90909090909091,3,0,0.018969551384283825,0,1,Petits Budgets
77568.0,0,1,30,1230,0,396,232,178,158,1,10,2,8,5,0,1,1,1,0,0,45,673,2194,1,1,3,0.4761904761904761,104.47619047619048,2,0,0.9065346242152277,1,3,Premium Engages
76995.0,0,1,91,1012,80,498,0,16,176,2,11,4,9,5,0,0,0,1,0,0,75,458,1782,1,1,1,0.44,71.28,3,0,0.29529625818093513,0,3,Premium Engages
33697.0,1,0,34,4,3,7,0,3,11,1,1,0,2,7,1,0,0,0,0,0,54,287,28,1,0,1,0.25,7.0,2,0,0.1673997421741547,0,1,Petits Budgets
83273.0,1,2,98,433,89,650,16,102,102,10,4,6,9,7,0,0,0,0,0,0,54,642,1392,3,0,0,0.2,69.6,2,0,0.24997592516269487,0,2,Aises Passifs
54165.0,0,0,72,127,4,73,15,6,11,1,2,1,7,2,0,0,0,0,0,0,55,397,236,0,1,0,0.1818181818181818,21.454545454545453,2,0,0.006589434973927157,0,1,Petits Budgets
71853.0,0,0,29,358,108,413,141,97,32,1,2,8,6,1,0,0,0,0,0,0,42,417,1149,0,1,0,0.1176470588235294,67.58823529411765,2,0,0.04288571253764961,0,2,Aises Passifs
43586.0,0,1,26,99,2,11,4,0,16,3,3,0,4,8,0,0,0,0,0,0,44,668,132,1,1,0,0.375,16.5,2,0,0.12594172931104114,0,1,Petits Budgets
53977.0,0,1,21,620,16,165,0,24,82,5,5,5,12,5,0,0,0,0,0,0,66,386,907,1,1,0,0.217391304347826,39.43478260869565,2,0,0.010658124408525012,0,0,Actifs Moyens
32557.0,1,0,13,34,3,29,0,4,10,3,2,1,3,5,0,0,0,0,0,0,57,125,80,1,0,0,0.2857142857142857,11.428571428571429,3,1,0.08950133046451689,0,1,Petits Budgets
70515.0,0,0,12,420,0,452,182,64,140,1,6,6,4,2,0,0,0,0,0,0,31,251,1258,0,0,0,0.3529411764705882,74.0,2,1,0.20305931565316007,0,2,Aises Passifs
81320.0,0,0,61,183,33,493,59,103,57,1,4,3,10,2,0,0,0,0,0,0,66,508,928,0,1,0,0.2222222222222222,51.55555555555556,2,0,0.01360980482267748,0,2,Aises Passifs
73170.0,0,0,1,184,174,256,50,30,32,1,5,4,6,2,0,0,0,0,0,0,49,29,726,0,0,0,0.3125,45.375,2,0,0.173895185204806,0,2,Aises Passifs
17117.0,1,0,96,12,23,38,30,18,7,4,3,1,3,9,0,0,0,0,0,0,46,528,128,1,1,0,0.375,16.0,1,0,0.01463270807089659,0,1,Petits Budgets
28071.0,0,0,65,39,33,130,41,26,44,2,5,1,5,8,0,0,0,0,0,0,44,669,313,0,0,0,0.4166666666666667,26.08333333333333,2,0,0.32666080709921486,0,1,Petits Budgets
78789.0,0,0,12,667,50,850,21,83,83,1,4,6,5,2,0,0,0,0,0,0,44,690,1754,0,0,0,0.25,109.625,3,1,0.6992658072603314,1,2,Aises Passifs
61825.0,0,1,56,162,50,100,55,30,27,1,4,2,8,4,0,0,0,0,0,0,45,326,424,1,0,0,0.2666666666666666,28.266666666666666,2,0,0.008002573868597117,0,0,Actifs Moyens
45143.0,0,1,74,202,5,74,11,5,14,3,6,1,5,7,0,0,0,0,0,0,59,307,311,1,1,0,0.4615384615384615,23.923076923076923,3,0,0.009114395902397958,0,1,Petits Budgets
36781.0,1,0,16,29,1,17,0,3,13,1,2,1,2,8,0,0,0,0,0,0,45,80,63,1,1,0,0.3333333333333333,10.5,2,1,0.1359462643267076,0,1,Petits Budgets
45503.0,1,0,54,97,4,44,6,1,18,1,3,1,4,5,0,0,0,0,0,0,49,277,170,1,1,0,0.3333333333333333,18.88888888888889,4,0,0.01492165411844519,0,1,Petits Budgets
18929.0,0,0,15,32,0,8,23,4,18,1,1,0,4,6,0,0,0,0,0,0,34,498,85,0,1,0,0.1666666666666666,14.166666666666666,2,0,0.019629372328882594,0,1,Petits Budgets
45906.0,0,1,20,305,3,27,4,3,144,2,5,4,4,5,1,0,0,0,0,0,60,418,486,1,0,1,0.3571428571428571,34.714285714285715,2,0,0.6842433109192982,1,0,Actifs Moyens
72159.0,0,0,62,322,53,899,34,40,53,1,4,6,10,2,0,0,0,0,0,0,46,608,1401,0,1,0,0.1904761904761904,66.71428571428571,4,0,0.0727400101908089,0,2,Aises Passifs
54690.0,1,1,76,111,16,37,7,9,18,3,3,1,5,3,0,0,0,0,0,0,53,234,198,2,1,0,0.3,19.8,1,0,0.007004949639143209,0,1,Petits Budgets
9255.0,1,0,91,9,0,7,2,0,4,1,1,1,2,8,0,0,0,0,0,0,35,191,22,1,0,0,0.2,4.4,2,0,0.0043293868736584825,0,1,Petits Budgets
71847.0,0,0,95,737,21,106,55,63,210,0,6,7,9,3,0,0,0,1,0,0,46,646,1192,0,0,1,0.2608695652173913,51.82608695652174,2,0,0.2600419240614276,0,2,Aises Passifs
34074.0,1,1,69,135,1,41,10,1,67,5,3,3,3,6,1,0,0,0,0,0,72,351,255,2,1,1,0.3,25.5,2,0,0.06056372474932655,0,1,Petits Budgets
36997.0,1,1,72,43,4,12,8,0,27,5,2,1,4,5,0,0,0,0,0,0,56,513,94,2,0,0,0.25,11.75,2,0,0.050565635602405797,0,1,Petits Budgets
37244.0,1,1,90,18,2,10,0,0,25,1,1,1,2,7,1,0,0,0,0,0,69,428,55,2,0,1,0.2,11.0,2,0,0.11530628026040055,0,1,Petits Budgets
48726.0,0,1,90,138,3,38,4,0,59,3,3,2,4,6,0,0,0,0,0,0,69,428,242,1,1,0,0.3,24.2,2,0,0.010421235537356905,0,1,Petits Budgets
49669.0,1,0,97,166,5,107,11,8,29,2,5,1,6,6,0,0,0,0,0,0,50,36,326,1,1,0,0.3846153846153846,25.07692307692308,1,0,0.004721683020287379,0,1,Petits Budgets
41124.0,1,0,41,281,7,84,15,0,119,7,7,3,4,8,0,0,0,0,0,0,47,606,506,1,1,0,0.4666666666666667,33.733333333333334,2,0,0.25981437419490727,0,0,Actifs Moyens
40689.0,0,1,69,270,3,27,39,6,99,7,7,1,5,8,0,0,0,0,0,0,73,468,444,1,1,0,0.5,31.714285714285715,2,0,0.021357497548534516,0,0,Actifs Moyens
80910.0,0,0,71,160,80,369,67,39,41,1,3,3,8,1,0,0,0,0,0,0,38,606,756,0,0,0,0.2,50.4,1,0,0.053252942264256906,0,2,Aises Passifs
81361.0,0,0,18,163,23,424,27,65,76,1,3,10,13,1,0,0,0,0,0,0,37,124,778,0,0,0,0.1111111111111111,28.814814814814813,2,1,0.14046943820470695,0,2,Aises Passifs
19107.0,1,0,49,2,4,9,10,5,16,2,1,0,3,7,0,0,0,0,0,0,44,311,46,1,1,0,0.2,9.2,2,0,0.011797740558939002,0,1,Petits Budgets
69084.0,1,0,43,1181,107,199,39,30,30,2,7,3,13,8,0,0,0,0,0,0,54,222,1586,1,1,0,0.2916666666666667,66.08333333333333,4,0,0.014042658348594864,0,2,Aises Passifs
30801.0,0,1,23,8,4,5,15,2,11,2,1,0,3,7,0,0,0,0,0,0,49,611,45,1,1,0,0.2,9.0,0,0,0.012090525026939964,0,1,Petits Budgets
42523.0,0,0,96,14,36,11,3,26,35,1,1,1,4,2,0,0,0,0,0,0,60,67,125,0,1,0,0.1428571428571428,17.857142857142858,2,0,0.0089151539987469,0,1,Petits Budgets
66991.0,0,0,1,496,36,460,189,60,12,3,4,8,6,3,0,0,0,0,0,0,70,656,1253,0,1,0,0.2105263157894736,65.94736842105263,3,0,0.2933614248633448,0,2,Aises Passifs
51569.0,0,1,39,380,0,47,6,0,34,4,7,1,7,8,0,1,0,0,0,0,75,502,467,1,0,1,0.4375,29.1875,4,1,0.312303670107562,0,0,Actifs Moyens
42664.0,0,1,44,21,0,3,0,0,0,1,1,0,3,6,0,0,0,0,0,0,57,103,24,1,1,0,0.2,4.8,2,0,0.0037058646682645055,0,1,Petits Budgets
31880.0,1,0,13,4,1,5,2,0,3,1,1,0,2,8,0,0,0,0,0,0,54,606,15,1,0,0,0.25,3.75,2,0,0.13517836546509668,0,1,Petits Budgets
29760.0,1,0,87,64,4,68,7,5,17,4,3,1,4,8,0,0,0,0,0,0,39,669,165,1,0,0,0.3333333333333333,18.33333333333333,2,0,0.07476154299951492,0,1,Petits Budgets
74985.0,0,0,8,587,51,898,247,0,86,1,3,6,7,2,0,0,0,0,0,0,47,656,1869,0,1,0,0.1764705882352941,109.94117647058825,2,0,0.11594728884053167,0,2,Aises Passifs
47850.0,1,0,72,42,7,43,20,12,10,1,3,0,4,6,0,0,0,0,0,0,44,208,134,1,1,0,0.375,16.75,2,0,0.00730513156621257,0,1,Petits Budgets
29440.0,1,1,95,17,8,14,10,4,3,2,1,0,4,7,0,0,0,0,0,0,64,322,56,2,1,0,0.1666666666666666,9.333333333333334,2,0,0.005111236467014714,0,1,Petits Budgets
72228.0,0,0,87,631,28,491,30,14,56,1,6,7,8,3,0,0,0,0,0,0,72,579,1250,0,0,0,0.2727272727272727,56.81818181818182,2,0,0.039202916607740175,0,2,Aises Passifs
38197.0,1,0,86,23,0,11,2,1,3,1,1,0,3,5,0,0,0,0,0,0,38,365,40,1,1,0,0.2,8.0,4,0,0.00581866173913931,0,1,Petits Budgets
72025.0,0,0,46,967,0,617,43,50,0,1,4,8,13,2,0,1,1,1,0,0,75,61,1677,0,1,3,0.1538461538461538,64.5,2,1,0.12110795446430044,0,3,Premium Engages
50611.0,0,1,98,459,0,24,6,0,4,6,4,5,7,6,0,1,0,0,0,0,64,633,493,1,0,1,0.2352941176470588,29.0,4,1,0.09034388296657063,0,0,Actifs Moyens
48432.0,0,1,3,322,3,50,4,3,42,5,7,1,6,8,0,0,0,0,0,0,51,619,424,1,0,0,0.4666666666666667,28.266666666666666,4,1,0.3474310347886946,0,0,Actifs Moyens
84618.0,0,0,96,684,100,801,21,66,0,1,6,9,10,2,0,0,1,0,0,0,59,219,1672,0,1,1,0.2307692307692307,64.3076923076923,4,0,0.017875509679134333,0,3,Premium Engages
84460.0,0,0,80,152,27,103,106,54,81,0,9,9,4,5,0,1,1,1,1,0,66,541,523,0,1,4,0.391304347826087,22.73913043478261,4,1,0.9707580959762723,1,3,Premium Engages
58275.0,1,1,48,189,10,253,56,43,64,6,8,2,7,7,0,0,0,0,0,0,69,392,615,2,0,0,0.4444444444444444,34.166666666666664,2,0,0.02040946617730684,0,0,Actifs Moyens
57333.0,0,1,55,941,14,397,76,58,176,11,8,5,9,6,0,0,0,0,0,0,70,645,1662,1,0,0,0.3478260869565217,72.26086956521739,4,1,0.5031570245978711,1,2,Aises Passifs
40662.0,1,0,0,40,2,23,0,4,23,2,2,1,3,4,0,0,0,0,0,0,45,471,92,1,1,0,0.2857142857142857,13.142857142857142,3,0,0.23246815910893848,0,1,Petits Budgets
50334.0,0,1,24,284,16,160,84,16,134,6,7,4,6,6,0,0,0,0,0,0,52,340,694,1,1,0,0.3888888888888889,38.55555555555556,1,0,0.012815899927739745,0,0,Actifs Moyens
7500.0,1,0,63,10,17,18,8,26,40,4,3,2,2,9,0,0,0,0,0,0,32,573,119,1,0,0,0.375,14.875,0,0,0.12173581881659454,0,1,Petits Budgets
35876.0,0,0,13,66,2,40,4,3,14,1,3,1,3,6,0,0,0,0,0,0,41,70,129,0,1,0,0.375,16.125,3,0,0.0761199951992041,0,1,Petits Budgets
85710.0,0,0,5,600,20,350,29,30,33,1,6,9,10,2,0,0,1,0,0,0,35,420,1062,0,1,1,0.2307692307692307,40.84615384615385,1,0,0.13334462533531824,0,3,Premium Engages
67546.0,0,0,90,864,134,768,150,38,172,1,4,10,5,3,0,0,0,0,0,0,36,667,2126,0,1,0,0.2,106.3,4,0,0.26357139728935375,0,2,Aises Passifs
18222.0,0,0,70,12,4,19,12,6,14,1,2,0,3,8,0,0,0,0,0,0,34,545,67,0,1,0,0.3333333333333333,11.166666666666666,2,0,0.011426630973553373,0,1,Petits Budgets
54809.0,1,1,0,63,6,57,13,13,22,4,2,1,5,4,0,0,0,0,0,0,47,291,174,2,1,0,0.2222222222222222,19.33333333333333,2,0,0.546053552181832,1,1,Petits Budgets
60714.0,0,0,56,216,162,224,101,92,162,2,7,4,10,5,0,0,0,0,0,0,68,528,957,0,0,0,0.3181818181818182,43.5,2,1,0.037211804167369154,0,2,Aises Passifs
57072.0,0,1,79,944,0,60,0,0,30,2,7,5,13,5,1,0,0,0,0,0,63,156,1034,1,1,1,0.2692307692307692,39.76923076923077,4,0,0.02699741329738099,0,0,Actifs Moyens
16248.0,1,0,77,12,11,10,3,12,9,3,2,1,3,6,0,0,0,0,0,0,36,50,57,1,1,0,0.2857142857142857,8.142857142857142,1,0,0.006167044354222219,0,1,Petits Budgets
43057.0,0,1,30,213,2,44,0,2,5,4,4,2,5,5,0,0,0,0,0,0,49,242,266,1,1,0,0.3333333333333333,22.166666666666668,2,0,0.010420001608012364,0,1,Petits Budgets
34984.0,1,1,40,8,4,15,3,5,3,2,1,0,3,7,0,0,0,0,0,0,49,661,38,2,1,0,0.2,7.6,1,0,0.04009387223710005,0,1,Petits Budgets
57091.0,0,0,0,464,5,64,7,0,37,1,7,3,7,5,0,0,0,0,1,0,63,14,577,0,0,1,0.3888888888888889,32.05555555555556,2,1,0.7902226157395453,1,0,Actifs Moyens
48432.0,0,1,3,322,3,50,4,3,42,5,7,1,6,8,0,0,0,0,0,0,51,619,424,1,0,0,0.4666666666666667,28.266666666666666,4,1,0.3474310347886946,0,0,Actifs Moyens
70971.0,0,1,28,1001,17,572,93,125,17,7,11,11,5,7,0,0,0,0,0,0,64,646,1825,1,1,0,0.3928571428571428,65.17857142857143,2,1,0.27049806517973995,0,2,Aises Passifs
77766.0,0,1,97,1004,59,265,115,59,27,2,11,10,11,6,1,0,0,0,0,0,57,492,1529,1,1,1,0.3333333333333333,46.333333333333336,4,1,0.7144940620263515,1,3,Premium Engages
24279.0,0,0,6,16,36,21,20,62,108,1,4,1,3,8,0,0,0,0,0,0,34,547,263,0,1,0,0.4444444444444444,29.22222222222222,0,0,0.17542618351794734,0,1,Petits Budgets
153924.0,0,0,81,1,1,1,1,1,1,0,0,0,0,0,0,0,0,0,0,0,49,142,6,0,0,0,0.0,6.0,2,0,0.02355153078326125,0,1,Petits Budgets
50785.0,1,1,27,64,1,21,0,1,27,2,2,1,3,6,0,0,0,0,0,0,62,292,114,2,0,0,0.2857142857142857,16.285714285714285,2,0,0.027319514788768522,0,1,Petits Budgets
33444.0,1,1,24,8,0,8,0,0,2,1,1,0,2,8,0,0,0,0,0,0,72,603,18,2,1,0,0.25,4.5,3,0,0.2112678064800743,0,1,Petits Budgets
93404.0,1,2,97,1279,15,287,20,0,15,3,3,4,7,5,0,1,1,0,0,0,70,418,1616,3,1,2,0.2,107.73333333333332,2,0,0.1568273561477869,0,3,Premium Engages
23539.0,0,0,13,4,24,11,16,1,25,1,2,0,4,6,0,0,0,0,0,0,67,121,81,0,1,0,0.2857142857142857,11.571428571428571,2,0,0.02948198873229072,0,1,Petits Budgets
26907.0,1,1,10,9,1,7,0,3,2,2,1,0,3,7,0,0,0,0,0,0,48,313,22,2,1,0,0.2,4.4,1,0,0.014181629018883568,0,1,Petits Budgets
38578.0,1,1,2,38,4,22,3,3,3,3,3,0,3,8,0,0,0,0,0,0,52,372,73,2,0,0,0.4285714285714285,10.428571428571429,4,1,0.12461749867218173,0,1,Petits Budgets
67786.0,0,0,0,431,82,441,80,20,102,1,3,6,6,1,0,0,0,0,0,0,65,204,1156,0,0,0,0.1875,72.25,4,1,0.4733423540248005,0,2,Aises Passifs
21918.0,1,0,37,1,6,7,11,5,3,2,2,0,3,6,0,0,0,0,0,0,55,227,33,1,1,0,0.3333333333333333,5.5,2,0,0.010966345943695386,0,1,Petits Budgets
29187.0,1,0,43,26,0,6,0,0,2,1,1,0,3,8,0,0,0,0,0,0,56,416,34,1,1,0,0.2,6.8,4,0,0.0072946116936997065,0,1,Petits Budgets
36975.0,1,0,50,10,6,11,0,4,2,1,1,0,3,7,0,0,0,0,0,0,46,183,33,1,0,0,0.2,6.6,1,0,0.012245838101701689,0,1,Petits Budgets
41411.0,0,0,11,37,32,38,11,3,18,1,2,1,4,6,0,0,0,0,0,0,38,204,139,0,0,0,0.25,17.375,2,0,0.2360466368630925,0,1,Petits Budgets
60033.0,0,1,28,62,1,57,19,11,48,2,2,1,5,2,0,0,0,0,0,0,70,92,198,1,1,0,0.2222222222222222,22.0,3,0,0.011609728572065454,0,1,Petits Budgets
23830.0,0,0,3,1,8,6,4,8,16,1,1,0,3,7,0,0,0,0,0,0,37,142,43,0,0,0,0.2,8.6,1,0,0.04092487423902375,0,1,Petits Budgets
30833.0,1,1,33,11,0,7,3,1,6,2,1,0,3,5,0,0,0,0,0,0,73,348,28,2,1,0,0.2,5.6,2,0,0.006104670229716866,0,1,Petits Budgets
90273.0,0,0,32,704,129,853,120,74,111,1,5,6,7,2,0,1,1,1,0,0,33,197,1991,0,0,3,0.2631578947368421,104.78947368421052,2,1,0.9041319208048355,1,3,Premium Engages
31590.0,1,0,40,6,2,15,6,6,3,1,1,0,3,8,0,0,0,0,0,0,52,376,38,1,1,0,0.2,7.6,2,0,0.008880461273813634,0,1,Petits Budgets
58398.0,0,0,44,299,5,201,21,21,49,3,5,4,8,4,0,0,0,0,0,0,71,411,596,0,1,0,0.2777777777777778,33.111111111111114,2,0,0.00992566778706811,0,0,Actifs Moyens
58582.0,0,1,15,402,35,106,101,77,42,2,9,2,9,5,0,1,0,0,0,0,42,274,763,1,1,1,0.4285714285714285,36.333333333333336,1,0,0.10739847634741698,0,0,Actifs Moyens
63841.0,0,1,64,635,15,100,20,7,131,1,9,3,9,6,0,0,0,0,0,0,56,434,908,1,0,0,0.4090909090909091,41.27272727272727,3,0,0.010405101225022922,0,0,Actifs Moyens
71488.0,0,0,87,162,33,124,40,28,172,2,3,4,7,1,0,0,0,0,0,0,59,496,559,0,1,0,0.2,37.266666666666666,1,0,0.0072942085832066895,0,0,Actifs Moyens
38998.0,1,1,92,34,1,14,0,0,5,3,2,0,3,8,0,0,0,0,0,1,70,603,54,2,1,0,0.3333333333333333,9.0,2,0,0.033215361806011354,0,1,Petits Budgets
70886.0,1,0,65,407,70,239,103,88,53,1,5,4,4,2,0,0,0,0,0,0,53,258,960,1,1,0,0.3571428571428571,68.57142857142857,2,0,0.01153866458198294,0,2,Aises Passifs
58113.0,0,1,66,221,104,169,102,78,84,3,9,2,8,7,0,0,0,0,0,1,65,520,758,1,1,0,0.45,37.9,2,0,0.01089450605233152,0,2,Aises Passifs
57100.0,0,0,19,181,21,69,39,3,96,1,3,3,6,3,0,0,0,0,0,0,51,207,409,0,1,0,0.2307692307692307,31.46153846153846,2,0,0.01912126931373059,0,0,Actifs Moyens
14849.0,1,0,39,21,2,28,3,2,9,3,2,0,4,8,0,0,0,0,0,0,48,362,65,1,0,0,0.2857142857142857,9.285714285714286,4,0,0.040138672190511544,0,1,Petits Budgets
86424.0,0,0,12,387,68,569,89,45,68,1,6,9,12,1,0,0,0,0,0,0,68,85,1226,0,0,0,0.2142857142857142,43.785714285714285,3,0,0.37655988979724137,0,2,Aises Passifs
22669.0,1,0,30,16,14,36,37,22,48,3,4,1,2,9,0,0,0,0,0,0,49,403,173,1,1,0,0.5,21.625,3,1,0.1343572338715351,0,1,Petits Budgets
42000.0,0,0,23,124,83,267,85,59,35,2,5,2,11,5,0,0,0,0,0,0,37,535,653,0,0,0,0.2631578947368421,34.36842105263158,4,1,0.5770964195315988,1,2,Aises Passifs
50387.0,0,2,91,369,9,87,12,14,34,3,6,2,8,5,0,0,0,0,0,0,68,302,525,2,1,0,0.3529411764705882,30.88235294117647,2,0,0.005274105445496454,0,0,Actifs Moyens
24882.0,1,0,52,1,4,10,29,0,36,1,1,1,2,6,1,0,0,0,0,0,46,658,80,1,1,1,0.2,16.0,0,0,0.22426777146412905,0,1,Petits Budgets
113734.0,0,0,9,6,2,3,1,262,3,0,27,0,0,1,0,0,0,0,0,0,79,32,277,0,0,0,0.9642857142857144,9.892857142857142,4,0,0.5536427158675099,1,0,Actifs Moyens
44794.0,0,1,99,54,0,7,0,0,4,1,2,0,3,6,0,0,0,0,0,0,58,21,65,1,1,0,0.3333333333333333,10.833333333333334,2,0,0.003688520923956614,0,1,Petits Budgets
50437.0,0,2,28,370,9,92,6,9,4,3,7,1,8,7,0,0,0,0,0,0,61,620,490,2,1,0,0.4117647058823529,28.823529411764707,2,0,0.025656988665906745,0,0,Actifs Moyens
61482.0,0,0,39,48,58,68,16,66,43,1,3,2,6,2,0,0,0,0,0,0,59,2,299,0,1,0,0.25,24.916666666666668,2,0,0.014831015748242487,0,0,Actifs Moyens
82025.0,0,0,76,267,98,606,48,70,98,1,3,2,6,1,0,0,1,0,0,0,41,397,1187,0,0,1,0.25,98.91666666666669,2,1,0.32407821591710023,0,2,Aises Passifs
50725.0,0,1,45,443,10,75,0,10,48,4,8,1,8,8,0,0,0,0,0,0,71,501,586,1,1,0,0.4444444444444444,32.55555555555556,2,0,0.013781835946084816,0,0,Actifs Moyens
46891.0,0,1,91,43,12,23,29,15,61,1,2,1,4,4,0,0,0,0,0,0,59,301,183,1,1,0,0.25,22.875,1,0,0.005807673374915053,0,1,Petits Budgets
30899.0,1,0,35,24,0,8,0,0,1,2,1,0,3,6,0,0,0,0,0,0,50,624,33,1,0,0,0.2,6.6,4,0,0.1442204192923587,0,1,Petits Budgets
74716.0,0,1,92,133,27,421,13,195,71,2,7,3,5,4,0,0,0,0,0,0,52,290,860,1,1,0,0.4375,53.75,2,0,0.017313169092342547,0,2,Aises Passifs
31907.0,0,0,75,33,87,64,175,16,74,1,6,1,6,7,0,0,0,0,0,0,52,482,449,0,0,0,0.4285714285714285,32.07142857142857,2,0,0.05061906028258594,0,0,Actifs Moyens
67546.0,0,0,90,864,134,768,150,38,172,1,4,10,5,3,0,0,0,0,0,0,36,667,2126,0,1,0,0.2,106.3,4,0,0.26357139728935375,0,2,Aises Passifs
22775.0,1,0,40,5,1,8,0,0,1,1,1,0,2,8,0,0,0,0,0,0,46,375,15,1,1,0,0.25,3.75,2,0,0.01736393988632237,0,1,Petits Budgets
56937.0,1,0,81,746,8,125,11,8,8,7,8,6,9,6,0,1,0,0,0,0,43,694,906,1,1,1,0.3333333333333333,37.75,4,1,0.08325407046130764,0,0,Actifs Moyens
71128.0,1,0,80,958,159,447,20,0,31,3,2,10,12,7,0,0,0,0,0,0,51,631,1615,1,0,0,0.08,64.6,2,0,0.16511909146895606,0,2,Aises Passifs
33183.0,1,0,46,7,5,39,17,15,37,2,4,0,3,7,0,0,0,0,0,0,49,125,120,1,1,0,0.5,15.0,2,0,0.016584010331051256,0,1,Petits Budgets
70044.0,0,1,46,1073,0,250,153,14,14,4,7,10,5,5,0,0,0,0,0,0,70,496,1504,1,0,0,0.3043478260869565,65.3913043478261,2,0,0.0263211105696401,0,2,Aises Passifs
34596.0,1,0,48,14,0,2,0,0,7,1,1,0,2,8,0,0,0,0,0,0,50,442,23,1,1,0,0.25,5.75,4,1,0.008986906423224462,0,1,Petits Budgets
72117.0,0,1,34,707,20,171,65,60,50,1,9,7,9,5,0,0,0,0,0,0,47,313,1073,1,1,0,0.3461538461538461,41.26923076923077,2,0,0.00786925589504043,0,0,Actifs Moyens
41986.0,0,1,15,27,5,8,8,3,12,3,3,0,4,4,0,0,0,0,0,0,46,140,63,1,0,0,0.375,7.875,2,0,0.025783705708854108,0,1,Petits Budgets
60200.0,0,1,3,502,19,132,0,6,26,6,6,2,11,6,0,0,0,0,0,0,76,543,685,1,0,0,0.3,34.25,4,0,0.2705096637562869,0,0,Actifs Moyens
62204.0,0,2,38,317,46,247,151,46,139,1,4,5,12,3,0,0,0,0,0,0,64,655,946,2,0,0,0.1818181818181818,43.0,2,0,0.03909572997135889,0,2,Aises Passifs
34176.0,0,1,9,11,2,7,4,2,2,1,1,0,3,3,0,0,0,0,0,0,49,158,28,1,1,0,0.2,5.6,3,0,0.009323875866887774,0,1,Petits Budgets
15038.0,1,0,93,4,8,11,19,12,26,2,2,1,2,9,0,0,0,0,0,0,37,516,80,1,0,0,0.3333333333333333,13.333333333333334,0,0,0.028449663568055717,0,1,Petits Budgets
80317.0,0,0,64,536,11,387,149,91,57,1,3,4,10,1,0,0,0,0,0,0,69,313,1231,0,0,0,0.1666666666666666,68.38888888888889,2,0,0.017109804499113285,0,2,Aises Passifs
34320.0,1,0,66,4,1,9,3,0,0,1,1,0,2,8,0,0,0,0,0,0,38,133,17,1,1,0,0.25,4.25,4,0,0.03775035619200873,0,1,Petits Budgets
30390.0,0,0,5,10,12,12,25,1,20,1,2,0,3,6,0,0,0,0,0,0,37,300,80,0,1,0,0.3333333333333333,13.333333333333334,1,0,0.03131907858178976,0,1,Petits Budgets
14188.0,0,0,40,2,7,11,16,12,27,1,2,0,4,6,0,0,0,0,0,0,52,486,75,0,1,0,0.2857142857142857,10.714285714285714,0,0,0.025324897057777785,0,1,Petits Budgets
33462.0,1,0,78,22,3,18,0,0,11,1,2,0,3,7,0,0,0,0,0,0,45,326,54,1,0,0,0.3333333333333333,9.0,3,0,0.00993277842587032,0,1,Petits Budgets
82384.0,0,0,55,984,51,432,180,120,190,1,3,10,13,1,0,0,1,0,0,0,69,587,1957,0,1,1,0.1111111111111111,72.48148148148148,3,1,0.14454939513573922,0,2,Aises Passifs
68487.0,0,0,48,758,12,385,33,89,89,1,9,7,13,4,0,0,0,0,0,0,36,532,1366,0,1,0,0.3,45.53333333333333,2,0,0.012465178982247239,0,2,Aises Passifs
72099.0,0,0,18,546,91,410,119,0,22,1,3,4,10,1,0,0,0,0,0,0,50,610,1188,0,1,0,0.1666666666666666,66.0,2,0,0.06559661861698639,0,2,Aises Passifs
26872.0,0,0,0,3,10,8,3,16,32,1,1,1,2,6,0,0,0,0,0,0,43,256,72,0,1,0,0.2,14.4,2,0,0.4467815216576379,0,1,Petits Budgets
16581.0,0,0,51,1,3,4,2,3,11,1,0,0,3,4,0,0,0,0,0,0,39,533,24,0,0,0,0.0,6.0,0,0,0.01310675200116614,0,1,Petits Budgets
28249.0,0,0,80,1,9,7,2,14,10,1,2,0,3,6,0,0,0,0,0,0,63,14,43,0,1,0,0.3333333333333333,7.166666666666667,0,0,0.0044571712038752945,0,1,Petits Budgets
68142.0,0,1,96,897,126,196,91,112,37,3,10,4,7,6,0,0,0,0,0,0,60,669,1459,1,1,0,0.4545454545454545,66.31818181818181,2,0,0.11893950860968087,0,2,Aises Passifs
35523.0,1,0,8,11,5,22,12,5,11,2,3,0,3,7,0,0,0,0,0,0,43,269,66,1,1,0,0.4285714285714285,9.428571428571429,1,0,0.07279065745638852,0,1,Petits Budgets
69142.0,0,1,50,448,4,34,6,4,39,3,8,1,7,5,0,1,0,0,0,0,72,0,535,1,0,1,0.4705882352941176,31.47058823529412,2,0,0.015722391944233624,0,0,Actifs Moyens
41437.0,1,1,5,29,0,2,0,0,1,1,1,0,3,7,0,0,0,0,0,0,67,645,32,2,0,0,0.2,6.4,4,0,0.08585832644376681,0,1,Petits Budgets
48904.0,0,1,1,283,10,38,0,13,27,4,7,2,4,8,0,0,0,0,0,0,64,574,371,1,0,0,0.5,26.5,2,0,0.3699204121641413,0,0,Actifs Moyens
26997.0,0,0,89,7,23,78,133,49,144,2,4,2,5,7,0,0,0,0,0,0,73,601,434,0,1,0,0.3333333333333333,36.16666666666666,0,0,0.06273658462667085,0,0,Actifs Moyens
37334.0,1,1,44,26,1,16,2,2,15,4,3,0,4,4,0,0,0,0,0,0,66,123,62,2,1,0,0.375,7.75,4,0,0.008437697829529358,0,1,Petits Budgets
31089.0,1,0,57,31,3,31,2,8,4,3,3,0,4,8,0,0,0,0,0,0,43,681,79,1,1,0,0.375,9.875,2,0,0.17634849540699327,0,1,Petits Budgets
94642.0,0,0,35,879,143,797,106,143,143,0,5,7,9,1,0,0,1,1,0,0,73,137,2211,0,1,2,0.2272727272727272,100.5,2,0,0.10400532664113454,0,3,Premium Engages
54072.0,1,1,71,35,0,4,0,0,0,1,2,0,2,8,0,0,0,0,0,0,61,337,39,2,1,0,0.4,7.8,4,0,0.00611320137140936,0,1,Petits Budgets
29672.0,1,1,6,9,1,3,0,4,8,1,0,0,3,6,0,0,0,0,0,0,59,474,25,2,1,0,0.0,6.25,2,0,0.013987325644196429,0,1,Petits Budgets
31395.0,1,1,80,23,1,25,0,8,7,4,2,1,3,6,0,0,0,0,0,0,68,463,64,2,0,0,0.2857142857142857,9.142857142857142,1,0,0.01926882762356807,0,1,Petits Budgets
